feature,modality,gene_symbol,selection_reason,training_variance
expr::SPARC (6678),expression,SPARC,variance,17.039398193359375
expr::KRT19 (3880),expression,KRT19,variance,14.938881874084473
expr::VIM (7431),expression,VIM,variance,14.57739543914795
expr::RPS4Y1 (6192),expression,RPS4Y1,variance,14.335991859436035
expr::UCHL1 (7345),expression,UCHL1,variance,13.710926055908203
expr::AGR2 (10551),expression,AGR2,variance,13.275409698486328
expr::SPP1 (6696),expression,SPP1,variance,12.966836929321289
expr::MT1E (4493),expression,MT1E,variance,12.441035270690918
expr::KRT7 (3855),expression,KRT7,variance,11.997405052185059
expr::FN1 (2335),expression,FN1,variance,11.716755867004395
expr::TACSTD2 (4070),expression,TACSTD2,variance,11.7086181640625
expr::KRT17 (3872),expression,KRT17,variance,11.435084342956543
expr::S100P (6286),expression,S100P,variance,11.36320686340332
expr::IFI27 (3429),expression,IFI27,variance,11.317239761352539
expr::COL1A2 (1278),expression,COL1A2,variance,11.202410697937012
expr::SPINT2 (10653),expression,SPINT2,variance,11.195077896118164
expr::EPCAM (4072),expression,EPCAM,variance,11.12405776977539
expr::TGFBI (7045),expression,TGFBI,variance,11.115097045898438
expr::NNMT (4837),expression,NNMT,variance,11.078557968139648
expr::FXYD3 (5349),expression,FXYD3,variance,11.018416404724121
expr::AKR1C2 (1646),expression,AKR1C2,variance,10.905145645141602
expr::ALDH1A1 (216),expression,ALDH1A1,variance,10.767187118530273
expr::IGFBP7 (3490),expression,IGFBP7,variance,10.753454208374023
expr::KRT5 (3852),expression,KRT5,variance,10.734983444213867
expr::S100A14 (57402),expression,S100A14,variance,10.660019874572754
expr::MAL2 (114569),expression,MAL2,variance,10.519996643066406
expr::CDKN2A (1029),expression,CDKN2A,variance,10.47637939453125
expr::C19orf33 (64073),expression,C19ORF33,variance,10.40123462677002
expr::SLPI (6590),expression,SLPI,variance,10.186685562133789
expr::SERPINE1 (5054),expression,SERPINE1,variance,10.109755516052246
expr::IGFBP3 (3486),expression,IGFBP3,variance,9.950409889221191
expr::GPX2 (2877),expression,GPX2,variance,9.89729118347168
expr::XAGE1A (653220),expression,XAGE1A,variance,9.872904777526855
expr::CLDN4 (1364),expression,CLDN4,variance,9.798932075500488
expr::THY1 (7070),expression,THY1,variance,9.721966743469238
expr::MMP2 (4313),expression,MMP2,variance,9.702618598937988
expr::RAB25 (57111),expression,RAB25,variance,9.656156539916992
expr::EFEMP1 (2202),expression,EFEMP1,variance,9.520244598388672
expr::LCN2 (3934),expression,LCN2,variance,9.512699127197266
expr::TFPI2 (7980),expression,TFPI2,variance,9.460209846496582
expr::ALDH3A1 (218),expression,ALDH3A1,variance,9.447842597961426
expr::CDH1 (999),expression,CDH1,variance,9.357086181640625
expr::KRT8 (3856),expression,KRT8,variance,9.343618392944336
expr::MAGEA3 (4102),expression,MAGEA3,variance,9.317018508911133
expr::S100A4 (6275),expression,S100A4,variance,9.310637474060059
expr::AKR1C3 (8644),expression,AKR1C3,variance,9.2929105758667
expr::CLDN7 (1366),expression,CLDN7,variance,9.061613082885742
expr::SFN (2810),expression,SFN,variance,9.060592651367188
expr::BASP1 (10409),expression,BASP1,variance,9.056131362915039
expr::CD24 (100133941),expression,CD24,variance,8.976777076721191
expr::ELF3 (1999),expression,ELF3,variance,8.97301959991455
expr::SRGN (5552),expression,SRGN,variance,8.954283714294434
expr::CXCL1 (2919),expression,CXCL1,variance,8.937848091125488
expr::CYBA (1535),expression,CYBA,variance,8.918570518493652
expr::AKR1C1 (1645),expression,AKR1C1,variance,8.899697303771973
expr::BST2 (684),expression,BST2,variance,8.731599807739258
expr::TIMP3 (7078),expression,TIMP3,variance,8.671249389648438
expr::CRIP1 (1396),expression,CRIP1,variance,8.618852615356445
expr::COL3A1 (1281),expression,COL3A1,variance,8.600128173828125
expr::IFITM1 (8519),expression,IFITM1,variance,8.566362380981445
expr::TINAGL1 (64129),expression,TINAGL1,variance,8.500625610351562
expr::COL1A1 (1277),expression,COL1A1,variance,8.496247291564941
expr::VCAN (1462),expression,VCAN,variance,8.461594581604004
expr::DKK1 (22943),expression,DKK1,variance,8.446383476257324
expr::ST14 (6768),expression,ST14,variance,8.437933921813965
expr::MMP1 (4312),expression,MMP1,variance,8.386210441589355
expr::CXCL8 (3576),expression,CXCL8,variance,8.383005142211914
expr::GJA1 (2697),expression,GJA1,variance,8.311492919921875
expr::PLAU (5328),expression,PLAU,variance,8.269804954528809
expr::C15orf48 (84419),expression,C15ORF48,variance,8.196288108825684
expr::LAMC2 (3918),expression,LAMC2,variance,8.193931579589844
expr::ANXA3 (306),expression,ANXA3,variance,8.178141593933105
expr::COL6A3 (1293),expression,COL6A3,variance,8.158926010131836
expr::AKR1B10 (57016),expression,AKR1B10,variance,8.1445951461792
expr::MAGEA6 (4105),expression,MAGEA6,variance,8.144590377807617
expr::KRT6A (3853),expression,KRT6A,variance,8.142229080200195
expr::EEF1A2 (1917),expression,EEF1A2,variance,8.05889892578125
expr::AREG (374),expression,AREG,variance,8.055865287780762
expr::MYL9 (10398),expression,MYL9,variance,8.006181716918945
expr::C3 (718),expression,C3,variance,7.953831195831299
expr::CCL2 (6347),expression,CCL2,variance,7.925580024719238
expr::S100A2 (6273),expression,S100A2,variance,7.915137767791748
expr::TNC (3371),expression,TNC,variance,7.909464359283447
expr::XAGE1B (653067),expression,XAGE1B,variance,7.871041297912598
expr::TGM2 (7052),expression,TGM2,variance,7.856696128845215
expr::COL5A2 (1290),expression,COL5A2,variance,7.851987361907959
expr::KRT81 (3887),expression,KRT81,variance,7.842576026916504
expr::TSPAN8 (7103),expression,TSPAN8,variance,7.8163886070251465
expr::COL6A2 (1292),expression,COL6A2,variance,7.784553527832031
expr::SPINT1 (6692),expression,SPINT1,variance,7.784380912780762
expr::DMKN (93099),expression,DMKN,variance,7.765003681182861
expr::EDIL3 (10085),expression,EDIL3,variance,7.733395576477051
expr::CST6 (1474),expression,CST6,variance,7.718277454376221
expr::G0S2 (50486),expression,G0S2,variance,7.685726165771484
expr::ADIRF (10974),expression,ADIRF,variance,7.660585880279541
expr::FGFBP1 (9982),expression,FGFBP1,variance,7.566618919372559
expr::MLPH (79083),expression,MLPH,variance,7.563207626342773
expr::RBP1 (5947),expression,RBP1,variance,7.545617580413818
expr::F3 (2152),expression,F3,variance,7.539010524749756
expr::SDC2 (6383),expression,SDC2,variance,7.517568588256836
expr::ALDH1A3 (220),expression,ALDH1A3,variance,7.507534027099609
expr::CD74 (972),expression,CD74,variance,7.4690423011779785
expr::MGST1 (4257),expression,MGST1,variance,7.465522289276123
expr::THBS1 (7057),expression,THBS1,variance,7.458153247833252
expr::LOXL2 (4017),expression,LOXL2,variance,7.427237033843994
expr::COL4A1 (1282),expression,COL4A1,variance,7.4193267822265625
expr::CDH3 (1001),expression,CDH3,variance,7.3929290771484375
expr::SPOCK1 (6695),expression,SPOCK1,variance,7.3891520500183105
expr::MALL (7851),expression,MALL,variance,7.38549280166626
expr::IGFBP2 (3485),expression,IGFBP2,variance,7.338380336761475
expr::S100A6 (6277),expression,S100A6,variance,7.323670864105225
expr::PRAME (23532),expression,PRAME,variance,7.291917324066162
expr::MAGEA4 (4103),expression,MAGEA4,variance,7.267031192779541
expr::COL4A2 (1284),expression,COL4A2,variance,7.239340305328369
expr::FSTL1 (11167),expression,FSTL1,variance,7.230979919433594
expr::TPM2 (7169),expression,TPM2,variance,7.215211391448975
expr::SERPINE2 (5270),expression,SERPINE2,variance,7.209146022796631
expr::TSPAN1 (10103),expression,TSPAN1,variance,7.177741050720215
expr::FST (10468),expression,FST,variance,7.14792013168335
expr::SLC43A3 (29015),expression,SLC43A3,variance,7.113528728485107
expr::GPNMB (10457),expression,GPNMB,variance,7.102495193481445
expr::DKK3 (27122),expression,DKK3,variance,7.075251579284668
expr::LUM (4060),expression,LUM,variance,7.057117938995361
expr::BEX1 (55859),expression,BEX1,variance,7.048465728759766
expr::CRYAB (1410),expression,CRYAB,variance,6.991739749908447
expr::EHF (26298),expression,EHF,variance,6.970062732696533
expr::PLAT (5327),expression,PLAT,variance,6.966050148010254
expr::KRT18 (3875),expression,KRT18,variance,6.919774055480957
expr::IL32 (9235),expression,IL32,variance,6.914600372314453
expr::CAV1 (857),expression,CAV1,variance,6.913094997406006
expr::PXDN (7837),expression,PXDN,variance,6.91208028793335
expr::SERPINB5 (5268),expression,SERPINB5,variance,6.904609203338623
expr::IGFBP5 (3488),expression,IGFBP5,variance,6.903292655944824
expr::S100A9 (6280),expression,S100A9,variance,6.88848352432251
expr::ESRP1 (54845),expression,ESRP1,variance,6.874046802520752
expr::LY6K (54742),expression,LY6K,variance,6.868882179260254
expr::LAD1 (3898),expression,LAD1,variance,6.855183124542236
expr::CLDN1 (9076),expression,CLDN1,variance,6.826788425445557
expr::SAA1 (6288),expression,SAA1,variance,6.813732147216797
expr::QPRT (23475),expression,QPRT,variance,6.800942420959473
expr::LAMA4 (3910),expression,LAMA4,variance,6.781641960144043
expr::PRSS8 (5652),expression,PRSS8,variance,6.779548168182373
expr::CYP24A1 (1591),expression,CYP24A1,variance,6.7779107093811035
expr::TM4SF1 (4071),expression,TM4SF1,variance,6.742250442504883
expr::AXL (558),expression,AXL,variance,6.725103378295898
expr::COL17A1 (1308),expression,COL17A1,variance,6.713315486907959
expr::IL6 (3569),expression,IL6,variance,6.7009806632995605
expr::LDHB (3945),expression,LDHB,variance,6.672582626342773
expr::TFPI (7035),expression,TFPI,variance,6.671513557434082
expr::ITGB4 (3691),expression,ITGB4,variance,6.653968811035156
expr::PDZK1IP1 (10158),expression,PDZK1IP1,variance,6.651472091674805
expr::EREG (2069),expression,EREG,variance,6.6352620124816895
expr::LGALS1 (3956),expression,LGALS1,variance,6.624269962310791
expr::PEG10 (23089),expression,PEG10,variance,6.5886993408203125
expr::AKR1B1 (231),expression,AKR1B1,variance,6.575096130371094
expr::SERPINB2 (5055),expression,SERPINB2,variance,6.566000938415527
expr::CAVIN3 (112464),expression,CAVIN3,variance,6.561466693878174
expr::GDF15 (9518),expression,GDF15,variance,6.557987213134766
expr::ANXA8 (653145),expression,ANXA8,variance,6.5528035163879395
expr::CCDC80 (151887),expression,CCDC80,variance,6.54332971572876
expr::SULF2 (55959),expression,SULF2,variance,6.5216851234436035
expr::SMIM22 (440335),expression,SMIM22,variance,6.5012617111206055
expr::KYNU (8942),expression,KYNU,variance,6.498504638671875
expr::GAGE12F (100008586),expression,GAGE12F,variance,6.494797229766846
expr::PLIN2 (123),expression,PLIN2,variance,6.491279602050781
expr::ADGRF1 (266977),expression,ADGRF1,variance,6.488999843597412
expr::IFITM2 (10581),expression,IFITM2,variance,6.476164817810059
expr::CRABP2 (1382),expression,CRABP2,variance,6.463111400604248
expr::IGFBP4 (3487),expression,IGFBP4,variance,6.451683521270752
expr::CEACAM6 (4680),expression,CEACAM6,variance,6.448299407958984
expr::MMP7 (4316),expression,MMP7,variance,6.441662311553955
expr::ANPEP (290),expression,ANPEP,variance,6.438351154327393
expr::MAGEA12 (4111),expression,MAGEA12,variance,6.437875270843506
expr::MPZL2 (10205),expression,MPZL2,variance,6.426560878753662
expr::SNCA (6622),expression,SNCA,variance,6.41529655456543
expr::MMP14 (4323),expression,MMP14,variance,6.405400276184082
expr::GPRC5A (9052),expression,GPRC5A,variance,6.397879600524902
expr::PLAC8 (51316),expression,PLAC8,variance,6.378698825836182
expr::IL18 (3606),expression,IL18,variance,6.378499984741211
expr::ANKRD1 (27063),expression,ANKRD1,variance,6.3746795654296875
expr::KLK6 (5653),expression,KLK6,variance,6.348877906799316
expr::CD44 (960),expression,CD44,variance,6.346133232116699
expr::SNRPN (6638),expression,SNRPN,variance,6.344961166381836
expr::GSTP1 (2950),expression,GSTP1,variance,6.329139232635498
expr::CDH2 (1000),expression,CDH2,variance,6.32335090637207
expr::TSTD1 (100131187),expression,TSTD1,variance,6.313512325286865
expr::MCAM (4162),expression,MCAM,variance,6.301473140716553
expr::CPA4 (51200),expression,CPA4,variance,6.265644073486328
expr::APOE (348),expression,APOE,variance,6.259354591369629
expr::STC2 (8614),expression,STC2,variance,6.25899076461792
expr::IFI16 (3428),expression,IFI16,variance,6.256105422973633
expr::GYPC (2995),expression,GYPC,variance,6.2542266845703125
expr::RAB34 (83871),expression,RAB34,variance,6.2444748878479
expr::TRIM29 (23650),expression,TRIM29,variance,6.207491397857666
expr::IFI44 (10561),expression,IFI44,variance,6.206708908081055
expr::LAMB3 (3914),expression,LAMB3,variance,6.197860240936279
expr::FBLN1 (2192),expression,FBLN1,variance,6.197335720062256
expr::ACKR3 (57007),expression,ACKR3,variance,6.182513236999512
expr::LOX (4015),expression,LOX,variance,6.172299861907959
expr::FBN1 (2200),expression,FBN1,variance,6.1716508865356445
expr::COL5A1 (1289),expression,COL5A1,variance,6.124303340911865
expr::CD70 (970),expression,CD70,variance,6.121802806854248
expr::MME (4311),expression,MME,variance,6.101869583129883
expr::PTGES (9536),expression,PTGES,variance,6.083648681640625
expr::EMP3 (2014),expression,EMP3,variance,6.078896522521973
expr::ARHGDIB (397),expression,ARHGDIB,variance,6.074663162231445
expr::PRSS3 (5646),expression,PRSS3,variance,6.067672252655029
expr::LSR (51599),expression,LSR,variance,6.0593037605285645
expr::TMPRSS4 (56649),expression,TMPRSS4,variance,6.05720853805542
expr::FABP5 (2171),expression,FABP5,variance,6.053200721740723
expr::PI3 (5266),expression,PI3,variance,6.051690578460693
expr::SERPINA1 (5265),expression,SERPINA1,variance,6.040915012359619
expr::PLBD1 (79887),expression,PLBD1,variance,6.01737117767334
expr::EMP1 (2012),expression,EMP1,variance,6.013415336608887
expr::HLA-B (3106),expression,HLA-B,variance,6.013390064239502
expr::CCN2 (1490),expression,CCN2,variance,6.006188869476318
expr::ASS1 (445),expression,ASS1,variance,6.005627632141113
expr::CDA (978),expression,CDA,variance+biology,5.992232322692871
expr::PLOD2 (5352),expression,PLOD2,variance,5.98444938659668
expr::DDX3Y (8653),expression,DDX3Y,variance,5.98123836517334
expr::ABCC3 (8714),expression,ABCC3,variance,5.977419376373291
expr::S100B (6285),expression,S100B,variance,5.9731245040893555
expr::TFF1 (7031),expression,TFF1,variance,5.970712184906006
expr::TUBA1A (7846),expression,TUBA1A,variance,5.96914005279541
expr::VAMP8 (8673),expression,VAMP8,variance,5.962179183959961
expr::L1CAM (3897),expression,L1CAM,variance,5.9607343673706055
expr::CD68 (968),expression,CD68,variance,5.958390235900879
expr::TNFRSF6B (8771),expression,TNFRSF6B,variance,5.944429874420166
expr::TCIM (56892),expression,TCIM,variance,5.930236339569092
expr::PTX3 (5806),expression,PTX3,variance,5.924868583679199
expr::ANXA8L1 (728113),expression,ANXA8L1,variance,5.922895431518555
expr::EPS8L2 (64787),expression,EPS8L2,variance,5.922891616821289
expr::WFDC2 (10406),expression,WFDC2,variance,5.90962553024292
expr::DPYSL3 (1809),expression,DPYSL3,variance,5.900569915771484
expr::TUSC3 (7991),expression,TUSC3,variance,5.891958713531494
expr::BCAT1 (586),expression,BCAT1,variance,5.886407852172852
expr::RHOD (29984),expression,RHOD,variance,5.883739471435547
expr::COL12A1 (1303),expression,COL12A1,variance,5.872254848480225
expr::TUBA4A (7277),expression,TUBA4A,variance,5.8626580238342285
expr::EIF1AY (9086),expression,EIF1AY,variance,5.859857082366943
expr::JUP (3728),expression,JUP,variance,5.827873706817627
expr::CXCL5 (6374),expression,CXCL5,variance,5.794851303100586
expr::PDLIM4 (8572),expression,PDLIM4,variance,5.785167694091797
expr::LCP1 (3936),expression,LCP1,variance,5.770298957824707
expr::IL1B (3553),expression,IL1B,variance,5.7660627365112305
expr::CADM1 (23705),expression,CADM1,variance,5.7527642250061035
expr::CES1 (1066),expression,CES1,variance,5.7358808517456055
expr::NUPR1 (26471),expression,NUPR1,variance,5.734715938568115
expr::C1S (716),expression,C1S,variance,5.727061748504639
expr::MAGEA2 (4101),expression,MAGEA2,variance,5.724760055541992
expr::RARRES2 (5919),expression,RARRES2,variance,5.7234110832214355
expr::SRPX (8406),expression,SRPX,variance,5.719524383544922
expr::KRT13 (3860),expression,KRT13,variance,5.715608596801758
expr::SCNN1A (6337),expression,SCNN1A,variance,5.7058305740356445
expr::TMEM98 (26022),expression,TMEM98,variance,5.703774452209473
expr::COL6A1 (1291),expression,COL6A1,variance,5.695179462432861
expr::FGB (2244),expression,FGB,variance,5.664009094238281
expr::MEST (4232),expression,MEST,variance,5.659658432006836
expr::GPX3 (2878),expression,GPX3,variance,5.657855987548828
expr::S100A16 (140576),expression,S100A16,variance,5.6414361000061035
expr::C1R (715),expression,C1R,variance,5.603886604309082
expr::FKBP10 (60681),expression,FKBP10,variance,5.568342685699463
expr::LDOC1 (23641),expression,LDOC1,variance,5.562843322753906
expr::KRT14 (3861),expression,KRT14,variance,5.54345178604126
expr::S100A1 (6271),expression,S100A1,variance,5.533674240112305
expr::AQP3 (360),expression,AQP3,variance,5.532050132751465
expr::ERBB3 (2065),expression,ERBB3,variance,5.512570858001709
expr::CDH13 (1012),expression,CDH13,variance,5.51091194152832
expr::SNCG (6623),expression,SNCG,variance,5.484712600708008
expr::CA12 (771),expression,CA12,variance,5.483002185821533
expr::TAGLN (6876),expression,TAGLN,variance,5.481099605560303
expr::PMP22 (5376),expression,PMP22,variance,5.473175525665283
expr::NT5E (4907),expression,NT5E,variance,5.4642744064331055
expr::QPCT (25797),expression,QPCT,variance,5.459959030151367
expr::AP1M2 (10053),expression,AP1M2,variance,5.453310012817383
expr::TNS4 (84951),expression,TNS4,variance,5.447354316711426
expr::RAC2 (5880),expression,RAC2,variance,5.447104454040527
expr::CA2 (760),expression,CA2,variance,5.439061164855957
expr::HSPB8 (26353),expression,HSPB8,variance,5.426097869873047
expr::CTHRC1 (115908),expression,CTHRC1,variance,5.420994281768799
expr::CSAG1 (158511),expression,CSAG1,variance,5.420062065124512
expr::VAMP5 (10791),expression,VAMP5,variance,5.419116020202637
expr::MDK (4192),expression,MDK,variance,5.413840293884277
expr::MST1R (4486),expression,MST1R,variance,5.404745578765869
expr::IGFBP6 (3489),expression,IGFBP6,variance,5.3999552726745605
expr::MYEOV (26579),expression,MYEOV,variance,5.382765293121338
expr::P3H2 (55214),expression,P3H2,variance,5.382699489593506
expr::PRSS22 (64063),expression,PRSS22,variance,5.3824357986450195
expr::GALNT3 (2591),expression,GALNT3,variance,5.376643657684326
expr::PTN (5764),expression,PTN,variance,5.363992691040039
expr::CLU (1191),expression,CLU,variance,5.3493266105651855
expr::NTS (4922),expression,NTS,variance,5.3388895988464355
expr::RAMP1 (10267),expression,RAMP1,variance,5.335671901702881
expr::IL1A (3552),expression,IL1A,variance,5.322840213775635
expr::GSTM3 (2947),expression,GSTM3,variance,5.319097995758057
expr::CDH11 (1009),expression,CDH11,variance,5.318822860717773
expr::TUBB2B (347733),expression,TUBB2B,variance,5.313514709472656
expr::MFAP2 (4237),expression,MFAP2,variance,5.311830997467041
expr::IRF6 (3664),expression,IRF6,variance,5.299900054931641
expr::APOL1 (8542),expression,APOL1,variance,5.270641326904297
expr::NT5C2 (22978),expression,NT5C2,biology,0.5724623799324036
expr::SLC29A1 (2030),expression,SLC29A1,biology,0.8109810948371887
expr::DCK (1633),expression,DCK,biology,0.3739885091781616
expr::SLC28A1 (9154),expression,SLC28A1,biology,0.21567033231258392
expr::CMPK1 (51727),expression,CMPK1,biology,0.29986754059791565
expr::RRM1 (6240),expression,RRM1,biology,0.4933164715766907
expr::RRM2 (6241),expression,RRM2,biology,0.7823522686958313
expr::TYMS (7298),expression,TYMS,biology,0.9612218141555786
mut::hotspot::TP53 (7157),mutations,TP53,variance,0.9490663409233093
mut::damaging::TP53 (7157),mutations,TP53,variance,0.8442725539207458
mut::damaging::CDKN2A (1029),mutations,CDKN2A,variance,0.37597545981407166
mut::hotspot::KRAS (3845),mutations,KRAS,variance,0.3608323931694031
mut::damaging::ARID1A (8289),mutations,ARID1A,variance,0.3502183258533478
mut::damaging::SMARCA4 (6597),mutations,SMARCA4,variance,0.32327666878700256
mut::damaging::PTEN (5728),mutations,PTEN,variance,0.317330926656723
mut::damaging::TTN (7273),mutations,TTN,variance,0.2897621691226959
mut::hotspot::TERT (7015),mutations,TERT,variance,0.2738526463508606
mut::damaging::NF1 (4763),mutations,NF1,variance,0.24962839484214783
mut::damaging::SPATA22 (84690),mutations,SPATA22,variance,0.2467484176158905
mut::damaging::KMT2D (8085),mutations,KMT2D,variance,0.23076923191547394
mut::damaging::RB1 (5925),mutations,RB1,variance,0.2051049768924713
mut::damaging::EP300 (2033),mutations,EP300,variance,0.20045986771583557
mut::hotspot::CDKN2A (1029),mutations,CDKN2A,variance,0.19544313848018646
mut::damaging::TGFBR2 (7048),mutations,TGFBR2,variance,0.18952062726020813
mut::damaging::LINC02900 (340073),mutations,LINC02900,variance,0.18540969491004944
mut::damaging::ACVR2A (92),mutations,ACVR2A,variance,0.1723337024450302
mut::damaging::SLK (9748),mutations,SLK,variance,0.1703595370054245
mut::damaging::KMT2C (58508),mutations,KMT2C,variance,0.16181252896785736
mut::damaging::APC (324),mutations,APC,variance,0.1549609750509262
mut::damaging::STK11 (6794),mutations,STK11,variance,0.15270809829235077
mut::damaging::NF2 (4771),mutations,NF2,variance,0.14706428349018097
mut::damaging::BCORL1 (63035),mutations,BCORL1,variance,0.14529915153980255
mut::hotspot::PIK3CA (5290),mutations,PIK3CA,variance,0.13710051774978638
mut::damaging::PDS5B (23047),mutations,PDS5B,variance,0.13338443636894226
mut::damaging::SPAG8 (26206),mutations,SPAG8,variance,0.13338443636894226
mut::damaging::SMAD4 (4089),mutations,SMAD4,variance,0.1252090334892273
mut::hotspot::BRAF (673),mutations,BRAF,variance,0.12402452528476715
mut::damaging::JAK1 (3716),mutations,JAK1,variance,0.12105165421962738
mut::damaging::MUC16 (94025),mutations,MUC16,variance,0.12019230425357819
mut::damaging::RNF43 (54894),mutations,RNF43,variance,0.11965811997652054
mut::damaging::AXIN1 (8312),mutations,AXIN1,variance,0.11684782803058624
mut::damaging::DMD (1756),mutations,DMD,variance,0.11684782803058624
mut::damaging::DOCK3 (1795),mutations,DOCK3,variance,0.11406075954437256
mut::damaging::VHL (7428),mutations,VHL,variance,0.11259754747152328
mut::damaging::SPANXN4 (441525),mutations,SPANXN4,variance,0.11259754747152328
mut::damaging::KMT2B (9757),mutations,KMT2B,variance,0.11238851398229599
mut::damaging::FAT1 (2195),mutations,FAT1,variance,0.11238851398229599
mut::damaging::MUC19 (283463),mutations,MUC19,variance,0.11222593486309052
mut::damaging::SYNE1 (23345),mutations,SYNE1,variance,0.11138981580734253
mut::damaging::SZT2 (23334),mutations,SZT2,variance,0.10588535666465759
mut::damaging::RYR2 (6262),mutations,RYR2,variance,0.10086863487958908
mut::damaging::KEAP1 (9817),mutations,KEAP1,variance,0.09863898158073425
mut::damaging::PBRM1 (55193),mutations,PBRM1,variance,0.09752415120601654
mut::damaging::MBD6 (114785),mutations,MBD6,variance,0.09622352570295334
mut::damaging::ZFHX3 (463),mutations,ZFHX3,variance,0.09622352570295334
mut::damaging::CCDST (112268240),mutations,CCDST,variance,0.0950390174984932
mut::damaging::RAB40A (142684),mutations,RAB40A,variance,0.09429579973220825
mut::damaging::ELOA (6924),mutations,ELOA,variance,0.09206614643335342
mut::damaging::NOTCH3 (4854),mutations,NOTCH3,variance,0.09206614643335342
mut::hotspot::PTEN (5728),mutations,PTEN,variance,0.0889771431684494
mut::damaging::FSIP2 (401024),mutations,FSIP2,variance,0.08656168729066849
mut::damaging::PCLO (27445),mutations,PCLO,variance,0.0850752517580986
mut::damaging::SLITRK2 (84631),mutations,SLITRK2,variance,0.084633968770504
mut::damaging::CCDC73 (493860),mutations,CCDC73,variance,0.08361203968524933
mut::damaging::PIK3R1 (5295),mutations,PIK3R1,variance,0.08361203968524933
mut::damaging::ARID1B (57492),mutations,ARID1B,variance,0.08361203968524933
mut::hotspot::NFE2L2 (4780),mutations,NFE2L2,variance,0.08361203968524933
mut::damaging::LRRK2 (120892),mutations,LRRK2,variance,0.08240430802106857
mut::damaging::CREBBP (1387),mutations,CREBBP,variance,0.08240430802106857
mut::damaging::LRP1B (53353),mutations,LRP1B,variance,0.08101077377796173
mut::damaging::SUPT20H (55578),mutations,SUPT20H,variance,0.08024433255195618
mut::damaging::NPM1P49 (100422284),mutations,NPM1P49,variance,0.08024433255195618
mut::damaging::JAKMIP3 (282973),mutations,JAKMIP3,variance,0.0794314369559288
mut::damaging::LINC02138 (400558),mutations,LINC02138,variance,0.0794314369559288
mut::damaging::COL11A1 (1301),mutations,COL11A1,variance,0.07931531220674515
mut::damaging::DNAH9 (1770),mutations,DNAH9,variance,0.07931531220674515
mut::damaging::MSH3 (4437),mutations,MSH3,variance,0.07931531220674515
mut::damaging::WNK2 (65268),mutations,WNK2,variance,0.07931531220674515
mut::damaging::CACNA1E (777),mutations,CACNA1E,variance,0.07820048183202744
mut::damaging::LMTK3 (114783),mutations,LMTK3,variance,0.07820048183202744
mut::damaging::BRSK1 (84446),mutations,BRSK1,variance,0.07820048183202744
mut::damaging::TRMT9B (57604),mutations,TRMT9B,variance,0.07580824941396713
mut::damaging::ACTRT1 (139741),mutations,ACTRT1,variance,0.07580824941396713
mut::damaging::ALMS1 (7840),mutations,ALMS1,variance,0.07497213035821915
mut::damaging::BCOR (54880),mutations,BCOR,variance,0.07497213035821915
mut::damaging::NRK (203447),mutations,NRK,variance,0.07497213035821915
mut::damaging::USP26 (83844),mutations,USP26,variance,0.07497213035821915
mut::hotspot::CTNNB1 (1499),mutations,CTNNB1,variance,0.07497213035821915
mut::damaging::SETD1B (23067),mutations,SETD1B,variance,0.07395020127296448
mut::damaging::PIEZO2 (63895),mutations,PIEZO2,variance,0.07395020127296448
mut::damaging::SETD2 (29072),mutations,SETD2,variance,0.07395020127296448
mut::damaging::ZNF469 (84627),mutations,ZNF469,variance,0.07274247705936432
mut::damaging::APOB (338),mutations,APOB,variance,0.07274247705936432
mut::damaging::NEB (4703),mutations,NEB,variance,0.07274247705936432
mut::damaging::FBXW7 (55294),mutations,FBXW7,variance,0.07274247705936432
mut::damaging::DST (667),mutations,DST,variance,0.07274247705936432
mut::damaging::RERE (473),mutations,RERE,variance,0.07058249413967133
mut::damaging::SORCS3 (22986),mutations,SORCS3,variance,0.07058249413967133
mut::damaging::KIAA1549 (57670),mutations,KIAA1549,variance,0.07058249413967133
mut::damaging::SHB (6461),mutations,SHB,variance,0.07058249413967133
mut::hotspot::APC (324),mutations,APC,variance,0.07058249413967133
mut::damaging::RPL22 (6146),mutations,RPL22,variance,0.0696534737944603
mut::damaging::INPPL1 (3636),mutations,INPPL1,variance,0.0696534737944603
mut::damaging::ABCA8 (10351),mutations,ABCA8,variance,0.0696534737944603
mut::damaging::CFAP65 (255101),mutations,CFAP65,variance,0.0696534737944603
mut::damaging::DNAH14 (127602),mutations,DNAH14,variance,0.06853865087032318
mut::damaging::SYNE2 (23224),mutations,SYNE2,variance,0.06853865087032318
mut::damaging::VWF (7450),mutations,VWF,variance,0.06614641100168228
mut::damaging::NALCN (259232),mutations,NALCN,variance,0.06614641100168228
mut::damaging::FLNB (2317),mutations,FLNB,variance,0.06614641100168228
mut::damaging::CSMD1 (64478),mutations,CSMD1,variance,0.06614641100168228
mut::damaging::NOTCH1 (4851),mutations,NOTCH1,variance,0.06614641100168228
mut::damaging::MXRA5 (25878),mutations,MXRA5,variance,0.06614641100168228
mut::damaging::SUPT20HL2 (170067),mutations,SUPT20HL2,variance,0.06614641100168228
mut::damaging::CFAP47 (286464),mutations,CFAP47,variance,0.06614641100168228
mut::damaging::KDM6A (7403),mutations,KDM6A,variance,0.06614641100168228
mut::damaging::FAT3 (120114),mutations,FAT3,variance,0.0653102919459343
mut::damaging::KMT2A (4297),mutations,KMT2A,variance,0.0653102919459343
mut::damaging::COL2A1 (1280),mutations,COL2A1,variance,0.0653102919459343
mut::damaging::CCDC168 (643677),mutations,CCDC168,variance,0.0653102919459343
mut::damaging::KIF26A (26153),mutations,KIF26A,variance,0.0653102919459343
mut::damaging::TLN2 (83660),mutations,TLN2,variance,0.0653102919459343
mut::damaging::NCOR1 (9611),mutations,NCOR1,variance,0.0653102919459343
mut::damaging::MSH6 (2956),mutations,MSH6,variance,0.0653102919459343
mut::damaging::TNRC18 (84629),mutations,TNRC18,variance,0.0653102919459343
mut::damaging::BRD3 (8019),mutations,BRD3,variance,0.0653102919459343
mut::damaging::USP9X (8239),mutations,USP9X,variance,0.0653102919459343
mut::damaging::COL4A5 (1287),mutations,COL4A5,variance,0.0653102919459343
mut::damaging::CDA (978),mutations,CDA,biology,0.0
mut::damaging::CMPK1 (51727),mutations,CMPK1,biology,0.004807692486792803
mut::damaging::NT5C2 (22978),mutations,NT5C2,biology,0.00956893339753151
mut::damaging::RRM1 (6240),mutations,RRM1,biology,0.004807692486792803
mut::damaging::SLC28A1 (9154),mutations,SLC28A1,biology,0.004807692486792803
mut::damaging::TYMS (7298),mutations,TYMS,biology,0.0
mut::damaging::RRM2 (6241),mutations,RRM2,biology,0.0
mut::damaging::DCK (1633),mutations,DCK,biology,0.0
mut::damaging::SLC29A1 (2030),mutations,SLC29A1,biology,0.0
mut::hotspot::NT5C2 (22978),mutations,NT5C2,biology,0.0
cn::MYC (4609),copy_number,MYC,variance,0.5623149275779724
cn::MIEN1 (84299),copy_number,MIEN1,variance,0.4545488953590393
cn::GRB7 (2886),copy_number,GRB7,variance,0.4469057023525238
cn::ERBB2 (2064),copy_number,ERBB2,variance,0.4421159029006958
cn::PGAP3 (93210),copy_number,PGAP3,variance,0.43999984860420227
cn::TCAP (8557),copy_number,TCAP,variance,0.3481442630290985
cn::SEC61G (23480),copy_number,SEC61G,variance,0.3473292291164398
cn::PNMT (5409),copy_number,PNMT,variance,0.33292827010154724
cn::CCND1 (595),copy_number,CCND1,variance,0.3314027190208435
cn::FGF19 (9965),copy_number,FGF19,variance,0.3308519423007965
cn::LTO1 (220064),copy_number,LTO1,variance,0.3279978930950165
cn::MDM2 (4193),copy_number,MDM2,variance,0.31418460607528687
cn::TSPAN31 (6302),copy_number,TSPAN31,variance,0.2817292809486389
cn::AGAP2 (116986),copy_number,AGAP2,variance,0.2751859426498413
cn::POU5F1B (5462),copy_number,POU5F1B,variance,0.27405720949172974
cn::MYEOV (26579),copy_number,MYEOV,variance,0.2736745774745941
cn::FGF4 (2249),copy_number,FGF4,variance,0.2730850875377655
cn::CDK4 (1019),copy_number,CDK4,variance,0.26730141043663025
cn::EGFR (1956),copy_number,EGFR,variance,0.25826677680015564
cn::FGF3 (2248),copy_number,FGF3,variance,0.25189515948295593
cn::CCL3L3 (414062),copy_number,CCL3L3,variance,0.2461913675069809
cn::DTX3 (196403),copy_number,DTX3,variance,0.23765788972377777
cn::ARHGEF25 (115557),copy_number,ARHGEF25,variance,0.23674340546131134
cn::ENSG00000287908,copy_number,ENSG00000287908,variance,0.23563498258590698
cn::IKZF3 (22806),copy_number,IKZF3,variance,0.23483656346797943
cn::B4GALNT1 (2583),copy_number,B4GALNT1,variance,0.23251467943191528
cn::FADD (8772),copy_number,FADD,variance,0.23038971424102783
cn::OS9 (10956),copy_number,OS9,variance,0.22670966386795044
cn::PIP4K2C (79837),copy_number,PIP4K2C,variance,0.2240632027387619
cn::LRATD2 (157638),copy_number,LRATD2,variance,0.22387953102588654
cn::SMIM38 (107984345),copy_number,SMIM38,variance,0.21865756809711456
cn::ZPBP2 (124626),copy_number,ZPBP2,variance,0.21782736480236053
cn::KRAS (3845),copy_number,KRAS,variance,0.21746712923049927
cn::ETFRF1 (144363),copy_number,ETFRF1,variance,0.21465149521827698
cn::ENSG00000260861,copy_number,ENSG00000260861,variance,0.21403732895851135
cn::ACOT1 (641371),copy_number,ACOT1,variance,0.20928527414798737
cn::SLC35E3 (55508),copy_number,SLC35E3,variance,0.2061578631401062
cn::ANO1 (55107),copy_number,ANO1,variance,0.20576626062393188
cn::ENSG00000264545,copy_number,ENSG00000264545,variance,0.2048429697751999
cn::SIRPB1 (10326),copy_number,SIRPB1,variance,0.20352743566036224
cn::MARCHF9 (92979),copy_number,MARCHF9,variance,0.2005011886358261
cn::KRTAP9-6 (100507608),copy_number,KRTAP9-6,variance,0.19972333312034607
cn::VSTM2A (222008),copy_number,VSTM2A,variance,0.19875988364219666
cn::CDKN2A (1029),copy_number,CDKN2A,variance,0.19846659898757935
cn::LCE3C (353144),copy_number,LCE3C,variance,0.19728116691112518
cn::LCE3B (353143),copy_number,LCE3B,variance,0.19609417021274567
cn::MTAP (4507),copy_number,MTAP,variance,0.19581767916679382
cn::CDK6 (1021),copy_number,CDK6,variance,0.19549952447414398
cn::CYP27B1 (1594),copy_number,CYP27B1,variance,0.19498907029628754
cn::ENSG00000287725,copy_number,ENSG00000287725,variance,0.1938866376876831
cn::CDKN2B (1030),copy_number,CDKN2B,variance,0.1927744299173355
cn::STARD3 (10948),copy_number,STARD3,variance,0.19132764637470245
cn::EEF1AKMT3 (25895),copy_number,EEF1AKMT3,variance,0.19099639356136322
cn::METTL1 (4234),copy_number,METTL1,variance,0.18834379315376282
cn::IGHMBP2 (3508),copy_number,IGHMBP2,variance,0.1869492381811142
cn::TPCN2 (219931),copy_number,TPCN2,variance,0.18211820721626282
cn::CFAP300 (85016),copy_number,CFAP300,variance,0.18147395551204681
cn::GSTM1 (2944),copy_number,GSTM1,variance,0.1813623160123825
cn::MRGPRF (116535),copy_number,MRGPRF,variance,0.1802942305803299
cn::MRGPRD (116512),copy_number,MRGPRD,variance,0.17909228801727295
cn::UGT2B17 (7367),copy_number,UGT2B17,variance,0.17853869497776031
cn::YAP1 (10413),copy_number,YAP1,variance,0.17728665471076965
cn::LANCL2 (55915),copy_number,LANCL2,variance,0.17673082649707794
cn::LCE1D (353134),copy_number,LCE1D,variance,0.17233851552009583
cn::PPFIA1 (8500),copy_number,PPFIA1,variance,0.17132773995399475
cn::MMP7 (4316),copy_number,MMP7,variance,0.1695990413427353
cn::NT5C3B (115024),copy_number,NT5C3B,variance,0.168514683842659
cn::MMP27 (64066),copy_number,MMP27,variance,0.1681889295578003
cn::VOPP1 (81552),copy_number,VOPP1,variance,0.1681824028491974
cn::GUCA1B (2979),copy_number,GUCA1B,variance,0.16568125784397125
cn::FAM133B (257415),copy_number,FAM133B,variance,0.16552302241325378
cn::FKBP10 (60681),copy_number,FKBP10,variance,0.16530919075012207
cn::MYCN (4613),copy_number,MYCN,variance,0.16263025999069214
cn::MMP8 (4317),copy_number,MMP8,variance,0.1623869389295578
cn::ENSG00000257921,copy_number,ENSG00000257921,variance,0.16080142557621002
cn::TAF8 (129685),copy_number,TAF8,variance,0.15976867079734802
cn::CTTN (2017),copy_number,CTTN,variance,0.15863166749477386
cn::MMP20 (9313),copy_number,MMP20,variance,0.15673132240772247
cn::BYSL (705),copy_number,BYSL,variance,0.15644218027591705
cn::IRAG2 (4033),copy_number,IRAG2,variance,0.1562214493751526
cn::DMRTA1 (63951),copy_number,DMRTA1,variance,0.15372022986412048
cn::CCND3 (896),copy_number,CCND3,variance,0.15228673815727234
cn::OR4P4 (81300),copy_number,OR4P4,variance,0.14911171793937683
cn::BTNL3 (10917),copy_number,BTNL3,variance,0.14852063357830048
cn::BIRC3 (330),copy_number,BIRC3,variance,0.14847129583358765
cn::MRPL21 (219927),copy_number,MRPL21,variance,0.14845684170722961
cn::OR4S2 (219431),copy_number,OR4S2,variance,0.14792008697986603
cn::P3H4 (10609),copy_number,P3H4,variance,0.1476169377565384
cn::SIGLEC5 (8778),copy_number,SIGLEC5,variance,0.1467069685459137
cn::TSFM (10102),copy_number,TSFM,variance,0.14629025757312775
cn::C6orf132 (647024),copy_number,C6ORF132,variance,0.14599144458770752
cn::INHBE (83729),copy_number,INHBE,variance,0.14580422639846802
cn::ENSG00000285133,copy_number,ENSG00000285133,variance,0.14576944708824158
cn::ENSG00000268500,copy_number,ENSG00000268500,variance,0.14552082121372223
cn::OR4K5 (79317),copy_number,OR4K5,variance,0.14536385238170624
cn::DDIT3 (1649),copy_number,DDIT3,variance,0.1452455222606659
cn::OR4C11 (219429),copy_number,OR4C11,variance,0.14513087272644043
cn::DCTN2 (10540),copy_number,DCTN2,variance,0.14282380044460297
cn::GLI1 (2735),copy_number,GLI1,variance,0.1421622335910797
cn::MBD6 (114785),copy_number,MBD6,variance,0.14142422378063202
cn::MED20 (9477),copy_number,MED20,variance,0.13974235951900482
cn::OR4K2 (390431),copy_number,OR4K2,variance,0.13934879004955292
cn::IFNE (338376),copy_number,IFNE,variance,0.13931316137313843
cn::OR4K1 (79544),copy_number,OR4K1,variance,0.1376434564590454
cn::CYP24A1 (1591),copy_number,CYP24A1,variance,0.13638243079185486
cn::PPP1R1B (84152),copy_number,PPP1R1B,variance,0.13628433644771576
cn::OR4C6 (219432),copy_number,OR4C6,variance,0.13567622005939484
cn::GUCA1A (2978),copy_number,GUCA1A,variance,0.1355080008506775
cn::AVIL (10677),copy_number,AVIL,variance,0.13468009233474731
cn::NDUFC2 (4718),copy_number,NDUFC2,variance,0.1346299648284912
cn::SIGLEC14 (100049587),copy_number,SIGLEC14,variance,0.1343839466571808
cn::CIMIP3 (114841037),copy_number,CIMIP3,variance,0.13415372371673584
cn::MMP10 (4319),copy_number,MMP10,variance,0.13370878994464874
cn::CD44 (960),copy_number,CD44,variance,0.13359948992729187
cn::DNAI7 (55259),copy_number,DNAI7,variance,0.1319558322429657
cn::TMEM123 (114908),copy_number,TMEM123,variance,0.1316492110490799
cn::MMP1 (4312),copy_number,MMP1,variance,0.13164116442203522
cn::KIF5A (3798),copy_number,KIF5A,variance,0.130478635430336
cn::TRIB1 (10221),copy_number,TRIB1,variance,0.13028210401535034
cn::BCAS1 (8537),copy_number,BCAS1,variance,0.12995672225952148
cn::NT5C2 (22978),copy_number,NT5C2,biology,0.017299465835094452
cn::SLC29A1 (2030),copy_number,SLC29A1,biology,0.0276930034160614
cn::DCK (1633),copy_number,DCK,biology,0.010792283341288567
cn::SLC28A1 (9154),copy_number,SLC28A1,biology,0.028153980150818825
cn::CDA (978),copy_number,CDA,biology,0.017965814098715782
cn::CMPK1 (51727),copy_number,CMPK1,biology,0.018332133069634438
cn::RRM1 (6240),copy_number,RRM1,biology,0.02167506143450737
cn::RRM2 (6241),copy_number,RRM2,biology,0.013001791201531887
cn::TYMS (7298),copy_number,TYMS,biology,0.03562391176819801
sig::MSIScore,signatures,MSISCORE,variance,506.74591064453125
sig::Aneuploidy,signatures,ANEUPLOIDY,variance,61.541893005371094
sig::Ploidy,signatures,PLOIDY,variance,0.6162986755371094
sig::WGD,signatures,WGD,variance,0.10765095055103302
sig::CIN,signatures,CIN,variance,0.032736361026763916
sig::LoHFraction,signatures,LOHFRACTION,variance,0.020709136500954628
meta::lineage,lineage,,required_metadata,
