drug,family,radius_scale,n_technical_support,n_candidates,selection_fraction,interpretation
afatinib,elastic_net,0.0,112,368,0.30434782608695654,Post-hoc radius scaling; not nominal interval coverage or an API policy
afatinib,elastic_net,0.05,85,368,0.23097826086956522,Post-hoc radius scaling; not nominal interval coverage or an API policy
afatinib,elastic_net,0.1,72,368,0.1956521739130435,Post-hoc radius scaling; not nominal interval coverage or an API policy
afatinib,elastic_net,0.15000000000000002,52,368,0.14130434782608695,Post-hoc radius scaling; not nominal interval coverage or an API policy
afatinib,elastic_net,0.2,39,368,0.10597826086956522,Post-hoc radius scaling; not nominal interval coverage or an API policy
afatinib,elastic_net,0.25,25,368,0.06793478260869565,Post-hoc radius scaling; not nominal interval coverage or an API policy
afatinib,elastic_net,0.30000000000000004,19,368,0.051630434782608696,Post-hoc radius scaling; not nominal interval coverage or an API policy
afatinib,elastic_net,0.35000000000000003,14,368,0.03804347826086957,Post-hoc radius scaling; not nominal interval coverage or an API policy
afatinib,elastic_net,0.4,7,368,0.019021739130434784,Post-hoc radius scaling; not nominal interval coverage or an API policy
afatinib,elastic_net,0.45,6,368,0.016304347826086956,Post-hoc radius scaling; not nominal interval coverage or an API policy
afatinib,elastic_net,0.5,3,368,0.008152173913043478,Post-hoc radius scaling; not nominal interval coverage or an API policy
afatinib,elastic_net,0.55,3,368,0.008152173913043478,Post-hoc radius scaling; not nominal interval coverage or an API policy
afatinib,elastic_net,0.6000000000000001,1,368,0.002717391304347826,Post-hoc radius scaling; not nominal interval coverage or an API policy
afatinib,elastic_net,0.65,0,368,0.0,Post-hoc radius scaling; not nominal interval coverage or an API policy
afatinib,elastic_net,0.7000000000000001,0,368,0.0,Post-hoc radius scaling; not nominal interval coverage or an API policy
afatinib,elastic_net,0.75,0,368,0.0,Post-hoc radius scaling; not nominal interval coverage or an API policy
afatinib,elastic_net,0.8,0,368,0.0,Post-hoc radius scaling; not nominal interval coverage or an API policy
afatinib,elastic_net,0.8500000000000001,0,368,0.0,Post-hoc radius scaling; not nominal interval coverage or an API policy
afatinib,elastic_net,0.9,0,368,0.0,Post-hoc radius scaling; not nominal interval coverage or an API policy
afatinib,elastic_net,0.9500000000000001,0,368,0.0,Post-hoc radius scaling; not nominal interval coverage or an API policy
afatinib,elastic_net,1.0,0,368,0.0,Post-hoc radius scaling; not nominal interval coverage or an API policy
afatinib,lineage,0.0,24,368,0.06521739130434782,Post-hoc radius scaling; not nominal interval coverage or an API policy
afatinib,lineage,0.05,21,368,0.057065217391304345,Post-hoc radius scaling; not nominal interval coverage or an API policy
afatinib,lineage,0.1,12,368,0.03260869565217391,Post-hoc radius scaling; not nominal interval coverage or an API policy
afatinib,lineage,0.15000000000000002,12,368,0.03260869565217391,Post-hoc radius scaling; not nominal interval coverage or an API policy
afatinib,lineage,0.2,3,368,0.008152173913043478,Post-hoc radius scaling; not nominal interval coverage or an API policy
afatinib,lineage,0.25,0,368,0.0,Post-hoc radius scaling; not nominal interval coverage or an API policy
afatinib,lineage,0.30000000000000004,0,368,0.0,Post-hoc radius scaling; not nominal interval coverage or an API policy
afatinib,lineage,0.35000000000000003,0,368,0.0,Post-hoc radius scaling; not nominal interval coverage or an API policy
afatinib,lineage,0.4,0,368,0.0,Post-hoc radius scaling; not nominal interval coverage or an API policy
afatinib,lineage,0.45,0,368,0.0,Post-hoc radius scaling; not nominal interval coverage or an API policy
afatinib,lineage,0.5,0,368,0.0,Post-hoc radius scaling; not nominal interval coverage or an API policy
afatinib,lineage,0.55,0,368,0.0,Post-hoc radius scaling; not nominal interval coverage or an API policy
afatinib,lineage,0.6000000000000001,0,368,0.0,Post-hoc radius scaling; not nominal interval coverage or an API policy
afatinib,lineage,0.65,0,368,0.0,Post-hoc radius scaling; not nominal interval coverage or an API policy
afatinib,lineage,0.7000000000000001,0,368,0.0,Post-hoc radius scaling; not nominal interval coverage or an API policy
afatinib,lineage,0.75,0,368,0.0,Post-hoc radius scaling; not nominal interval coverage or an API policy
afatinib,lineage,0.8,0,368,0.0,Post-hoc radius scaling; not nominal interval coverage or an API policy
afatinib,lineage,0.8500000000000001,0,368,0.0,Post-hoc radius scaling; not nominal interval coverage or an API policy
afatinib,lineage,0.9,0,368,0.0,Post-hoc radius scaling; not nominal interval coverage or an API policy
afatinib,lineage,0.9500000000000001,0,368,0.0,Post-hoc radius scaling; not nominal interval coverage or an API policy
afatinib,lineage,1.0,0,368,0.0,Post-hoc radius scaling; not nominal interval coverage or an API policy
afatinib,xgboost,0.0,125,368,0.33967391304347827,Post-hoc radius scaling; not nominal interval coverage or an API policy
afatinib,xgboost,0.05,99,368,0.26902173913043476,Post-hoc radius scaling; not nominal interval coverage or an API policy
afatinib,xgboost,0.1,75,368,0.20380434782608695,Post-hoc radius scaling; not nominal interval coverage or an API policy
afatinib,xgboost,0.15000000000000002,60,368,0.16304347826086957,Post-hoc radius scaling; not nominal interval coverage or an API policy
afatinib,xgboost,0.2,38,368,0.10326086956521739,Post-hoc radius scaling; not nominal interval coverage or an API policy
afatinib,xgboost,0.25,30,368,0.08152173913043478,Post-hoc radius scaling; not nominal interval coverage or an API policy
afatinib,xgboost,0.30000000000000004,22,368,0.059782608695652176,Post-hoc radius scaling; not nominal interval coverage or an API policy
afatinib,xgboost,0.35000000000000003,10,368,0.02717391304347826,Post-hoc radius scaling; not nominal interval coverage or an API policy
afatinib,xgboost,0.4,5,368,0.01358695652173913,Post-hoc radius scaling; not nominal interval coverage or an API policy
afatinib,xgboost,0.45,3,368,0.008152173913043478,Post-hoc radius scaling; not nominal interval coverage or an API policy
afatinib,xgboost,0.5,3,368,0.008152173913043478,Post-hoc radius scaling; not nominal interval coverage or an API policy
afatinib,xgboost,0.55,3,368,0.008152173913043478,Post-hoc radius scaling; not nominal interval coverage or an API policy
afatinib,xgboost,0.6000000000000001,3,368,0.008152173913043478,Post-hoc radius scaling; not nominal interval coverage or an API policy
afatinib,xgboost,0.65,2,368,0.005434782608695652,Post-hoc radius scaling; not nominal interval coverage or an API policy
afatinib,xgboost,0.7000000000000001,2,368,0.005434782608695652,Post-hoc radius scaling; not nominal interval coverage or an API policy
afatinib,xgboost,0.75,1,368,0.002717391304347826,Post-hoc radius scaling; not nominal interval coverage or an API policy
afatinib,xgboost,0.8,1,368,0.002717391304347826,Post-hoc radius scaling; not nominal interval coverage or an API policy
afatinib,xgboost,0.8500000000000001,0,368,0.0,Post-hoc radius scaling; not nominal interval coverage or an API policy
afatinib,xgboost,0.9,0,368,0.0,Post-hoc radius scaling; not nominal interval coverage or an API policy
afatinib,xgboost,0.9500000000000001,0,368,0.0,Post-hoc radius scaling; not nominal interval coverage or an API policy
afatinib,xgboost,1.0,0,368,0.0,Post-hoc radius scaling; not nominal interval coverage or an API policy
gemcitabine,elastic_net,0.0,0,298,0.0,Post-hoc radius scaling; not nominal interval coverage or an API policy
gemcitabine,elastic_net,0.05,0,298,0.0,Post-hoc radius scaling; not nominal interval coverage or an API policy
gemcitabine,elastic_net,0.1,0,298,0.0,Post-hoc radius scaling; not nominal interval coverage or an API policy
gemcitabine,elastic_net,0.15000000000000002,0,298,0.0,Post-hoc radius scaling; not nominal interval coverage or an API policy
gemcitabine,elastic_net,0.2,0,298,0.0,Post-hoc radius scaling; not nominal interval coverage or an API policy
gemcitabine,elastic_net,0.25,0,298,0.0,Post-hoc radius scaling; not nominal interval coverage or an API policy
gemcitabine,elastic_net,0.30000000000000004,0,298,0.0,Post-hoc radius scaling; not nominal interval coverage or an API policy
gemcitabine,elastic_net,0.35000000000000003,0,298,0.0,Post-hoc radius scaling; not nominal interval coverage or an API policy
gemcitabine,elastic_net,0.4,0,298,0.0,Post-hoc radius scaling; not nominal interval coverage or an API policy
gemcitabine,elastic_net,0.45,0,298,0.0,Post-hoc radius scaling; not nominal interval coverage or an API policy
gemcitabine,elastic_net,0.5,0,298,0.0,Post-hoc radius scaling; not nominal interval coverage or an API policy
gemcitabine,elastic_net,0.55,0,298,0.0,Post-hoc radius scaling; not nominal interval coverage or an API policy
gemcitabine,elastic_net,0.6000000000000001,0,298,0.0,Post-hoc radius scaling; not nominal interval coverage or an API policy
gemcitabine,elastic_net,0.65,0,298,0.0,Post-hoc radius scaling; not nominal interval coverage or an API policy
gemcitabine,elastic_net,0.7000000000000001,0,298,0.0,Post-hoc radius scaling; not nominal interval coverage or an API policy
gemcitabine,elastic_net,0.75,0,298,0.0,Post-hoc radius scaling; not nominal interval coverage or an API policy
gemcitabine,elastic_net,0.8,0,298,0.0,Post-hoc radius scaling; not nominal interval coverage or an API policy
gemcitabine,elastic_net,0.8500000000000001,0,298,0.0,Post-hoc radius scaling; not nominal interval coverage or an API policy
gemcitabine,elastic_net,0.9,0,298,0.0,Post-hoc radius scaling; not nominal interval coverage or an API policy
gemcitabine,elastic_net,0.9500000000000001,0,298,0.0,Post-hoc radius scaling; not nominal interval coverage or an API policy
gemcitabine,elastic_net,1.0,0,298,0.0,Post-hoc radius scaling; not nominal interval coverage or an API policy
gemcitabine,lineage,0.0,0,298,0.0,Post-hoc radius scaling; not nominal interval coverage or an API policy
gemcitabine,lineage,0.05,0,298,0.0,Post-hoc radius scaling; not nominal interval coverage or an API policy
gemcitabine,lineage,0.1,0,298,0.0,Post-hoc radius scaling; not nominal interval coverage or an API policy
gemcitabine,lineage,0.15000000000000002,0,298,0.0,Post-hoc radius scaling; not nominal interval coverage or an API policy
gemcitabine,lineage,0.2,0,298,0.0,Post-hoc radius scaling; not nominal interval coverage or an API policy
gemcitabine,lineage,0.25,0,298,0.0,Post-hoc radius scaling; not nominal interval coverage or an API policy
gemcitabine,lineage,0.30000000000000004,0,298,0.0,Post-hoc radius scaling; not nominal interval coverage or an API policy
gemcitabine,lineage,0.35000000000000003,0,298,0.0,Post-hoc radius scaling; not nominal interval coverage or an API policy
gemcitabine,lineage,0.4,0,298,0.0,Post-hoc radius scaling; not nominal interval coverage or an API policy
gemcitabine,lineage,0.45,0,298,0.0,Post-hoc radius scaling; not nominal interval coverage or an API policy
gemcitabine,lineage,0.5,0,298,0.0,Post-hoc radius scaling; not nominal interval coverage or an API policy
gemcitabine,lineage,0.55,0,298,0.0,Post-hoc radius scaling; not nominal interval coverage or an API policy
gemcitabine,lineage,0.6000000000000001,0,298,0.0,Post-hoc radius scaling; not nominal interval coverage or an API policy
gemcitabine,lineage,0.65,0,298,0.0,Post-hoc radius scaling; not nominal interval coverage or an API policy
gemcitabine,lineage,0.7000000000000001,0,298,0.0,Post-hoc radius scaling; not nominal interval coverage or an API policy
gemcitabine,lineage,0.75,0,298,0.0,Post-hoc radius scaling; not nominal interval coverage or an API policy
gemcitabine,lineage,0.8,0,298,0.0,Post-hoc radius scaling; not nominal interval coverage or an API policy
gemcitabine,lineage,0.8500000000000001,0,298,0.0,Post-hoc radius scaling; not nominal interval coverage or an API policy
gemcitabine,lineage,0.9,0,298,0.0,Post-hoc radius scaling; not nominal interval coverage or an API policy
gemcitabine,lineage,0.9500000000000001,0,298,0.0,Post-hoc radius scaling; not nominal interval coverage or an API policy
gemcitabine,lineage,1.0,0,298,0.0,Post-hoc radius scaling; not nominal interval coverage or an API policy
gemcitabine,xgboost,0.0,0,298,0.0,Post-hoc radius scaling; not nominal interval coverage or an API policy
gemcitabine,xgboost,0.05,0,298,0.0,Post-hoc radius scaling; not nominal interval coverage or an API policy
gemcitabine,xgboost,0.1,0,298,0.0,Post-hoc radius scaling; not nominal interval coverage or an API policy
gemcitabine,xgboost,0.15000000000000002,0,298,0.0,Post-hoc radius scaling; not nominal interval coverage or an API policy
gemcitabine,xgboost,0.2,0,298,0.0,Post-hoc radius scaling; not nominal interval coverage or an API policy
gemcitabine,xgboost,0.25,0,298,0.0,Post-hoc radius scaling; not nominal interval coverage or an API policy
gemcitabine,xgboost,0.30000000000000004,0,298,0.0,Post-hoc radius scaling; not nominal interval coverage or an API policy
gemcitabine,xgboost,0.35000000000000003,0,298,0.0,Post-hoc radius scaling; not nominal interval coverage or an API policy
gemcitabine,xgboost,0.4,0,298,0.0,Post-hoc radius scaling; not nominal interval coverage or an API policy
gemcitabine,xgboost,0.45,0,298,0.0,Post-hoc radius scaling; not nominal interval coverage or an API policy
gemcitabine,xgboost,0.5,0,298,0.0,Post-hoc radius scaling; not nominal interval coverage or an API policy
gemcitabine,xgboost,0.55,0,298,0.0,Post-hoc radius scaling; not nominal interval coverage or an API policy
gemcitabine,xgboost,0.6000000000000001,0,298,0.0,Post-hoc radius scaling; not nominal interval coverage or an API policy
gemcitabine,xgboost,0.65,0,298,0.0,Post-hoc radius scaling; not nominal interval coverage or an API policy
gemcitabine,xgboost,0.7000000000000001,0,298,0.0,Post-hoc radius scaling; not nominal interval coverage or an API policy
gemcitabine,xgboost,0.75,0,298,0.0,Post-hoc radius scaling; not nominal interval coverage or an API policy
gemcitabine,xgboost,0.8,0,298,0.0,Post-hoc radius scaling; not nominal interval coverage or an API policy
gemcitabine,xgboost,0.8500000000000001,0,298,0.0,Post-hoc radius scaling; not nominal interval coverage or an API policy
gemcitabine,xgboost,0.9,0,298,0.0,Post-hoc radius scaling; not nominal interval coverage or an API policy
gemcitabine,xgboost,0.9500000000000001,0,298,0.0,Post-hoc radius scaling; not nominal interval coverage or an API policy
gemcitabine,xgboost,1.0,0,298,0.0,Post-hoc radius scaling; not nominal interval coverage or an API policy
olaparib,elastic_net,0.0,0,374,0.0,Post-hoc radius scaling; not nominal interval coverage or an API policy
olaparib,elastic_net,0.05,0,374,0.0,Post-hoc radius scaling; not nominal interval coverage or an API policy
olaparib,elastic_net,0.1,0,374,0.0,Post-hoc radius scaling; not nominal interval coverage or an API policy
olaparib,elastic_net,0.15000000000000002,0,374,0.0,Post-hoc radius scaling; not nominal interval coverage or an API policy
olaparib,elastic_net,0.2,0,374,0.0,Post-hoc radius scaling; not nominal interval coverage or an API policy
olaparib,elastic_net,0.25,0,374,0.0,Post-hoc radius scaling; not nominal interval coverage or an API policy
olaparib,elastic_net,0.30000000000000004,0,374,0.0,Post-hoc radius scaling; not nominal interval coverage or an API policy
olaparib,elastic_net,0.35000000000000003,0,374,0.0,Post-hoc radius scaling; not nominal interval coverage or an API policy
olaparib,elastic_net,0.4,0,374,0.0,Post-hoc radius scaling; not nominal interval coverage or an API policy
olaparib,elastic_net,0.45,0,374,0.0,Post-hoc radius scaling; not nominal interval coverage or an API policy
olaparib,elastic_net,0.5,0,374,0.0,Post-hoc radius scaling; not nominal interval coverage or an API policy
olaparib,elastic_net,0.55,0,374,0.0,Post-hoc radius scaling; not nominal interval coverage or an API policy
olaparib,elastic_net,0.6000000000000001,0,374,0.0,Post-hoc radius scaling; not nominal interval coverage or an API policy
olaparib,elastic_net,0.65,0,374,0.0,Post-hoc radius scaling; not nominal interval coverage or an API policy
olaparib,elastic_net,0.7000000000000001,0,374,0.0,Post-hoc radius scaling; not nominal interval coverage or an API policy
olaparib,elastic_net,0.75,0,374,0.0,Post-hoc radius scaling; not nominal interval coverage or an API policy
olaparib,elastic_net,0.8,0,374,0.0,Post-hoc radius scaling; not nominal interval coverage or an API policy
olaparib,elastic_net,0.8500000000000001,0,374,0.0,Post-hoc radius scaling; not nominal interval coverage or an API policy
olaparib,elastic_net,0.9,0,374,0.0,Post-hoc radius scaling; not nominal interval coverage or an API policy
olaparib,elastic_net,0.9500000000000001,0,374,0.0,Post-hoc radius scaling; not nominal interval coverage or an API policy
olaparib,elastic_net,1.0,0,374,0.0,Post-hoc radius scaling; not nominal interval coverage or an API policy
olaparib,lineage,0.0,0,374,0.0,Post-hoc radius scaling; not nominal interval coverage or an API policy
olaparib,lineage,0.05,0,374,0.0,Post-hoc radius scaling; not nominal interval coverage or an API policy
olaparib,lineage,0.1,0,374,0.0,Post-hoc radius scaling; not nominal interval coverage or an API policy
olaparib,lineage,0.15000000000000002,0,374,0.0,Post-hoc radius scaling; not nominal interval coverage or an API policy
olaparib,lineage,0.2,0,374,0.0,Post-hoc radius scaling; not nominal interval coverage or an API policy
olaparib,lineage,0.25,0,374,0.0,Post-hoc radius scaling; not nominal interval coverage or an API policy
olaparib,lineage,0.30000000000000004,0,374,0.0,Post-hoc radius scaling; not nominal interval coverage or an API policy
olaparib,lineage,0.35000000000000003,0,374,0.0,Post-hoc radius scaling; not nominal interval coverage or an API policy
olaparib,lineage,0.4,0,374,0.0,Post-hoc radius scaling; not nominal interval coverage or an API policy
olaparib,lineage,0.45,0,374,0.0,Post-hoc radius scaling; not nominal interval coverage or an API policy
olaparib,lineage,0.5,0,374,0.0,Post-hoc radius scaling; not nominal interval coverage or an API policy
olaparib,lineage,0.55,0,374,0.0,Post-hoc radius scaling; not nominal interval coverage or an API policy
olaparib,lineage,0.6000000000000001,0,374,0.0,Post-hoc radius scaling; not nominal interval coverage or an API policy
olaparib,lineage,0.65,0,374,0.0,Post-hoc radius scaling; not nominal interval coverage or an API policy
olaparib,lineage,0.7000000000000001,0,374,0.0,Post-hoc radius scaling; not nominal interval coverage or an API policy
olaparib,lineage,0.75,0,374,0.0,Post-hoc radius scaling; not nominal interval coverage or an API policy
olaparib,lineage,0.8,0,374,0.0,Post-hoc radius scaling; not nominal interval coverage or an API policy
olaparib,lineage,0.8500000000000001,0,374,0.0,Post-hoc radius scaling; not nominal interval coverage or an API policy
olaparib,lineage,0.9,0,374,0.0,Post-hoc radius scaling; not nominal interval coverage or an API policy
olaparib,lineage,0.9500000000000001,0,374,0.0,Post-hoc radius scaling; not nominal interval coverage or an API policy
olaparib,lineage,1.0,0,374,0.0,Post-hoc radius scaling; not nominal interval coverage or an API policy
olaparib,xgboost,0.0,0,374,0.0,Post-hoc radius scaling; not nominal interval coverage or an API policy
olaparib,xgboost,0.05,0,374,0.0,Post-hoc radius scaling; not nominal interval coverage or an API policy
olaparib,xgboost,0.1,0,374,0.0,Post-hoc radius scaling; not nominal interval coverage or an API policy
olaparib,xgboost,0.15000000000000002,0,374,0.0,Post-hoc radius scaling; not nominal interval coverage or an API policy
olaparib,xgboost,0.2,0,374,0.0,Post-hoc radius scaling; not nominal interval coverage or an API policy
olaparib,xgboost,0.25,0,374,0.0,Post-hoc radius scaling; not nominal interval coverage or an API policy
olaparib,xgboost,0.30000000000000004,0,374,0.0,Post-hoc radius scaling; not nominal interval coverage or an API policy
olaparib,xgboost,0.35000000000000003,0,374,0.0,Post-hoc radius scaling; not nominal interval coverage or an API policy
olaparib,xgboost,0.4,0,374,0.0,Post-hoc radius scaling; not nominal interval coverage or an API policy
olaparib,xgboost,0.45,0,374,0.0,Post-hoc radius scaling; not nominal interval coverage or an API policy
olaparib,xgboost,0.5,0,374,0.0,Post-hoc radius scaling; not nominal interval coverage or an API policy
olaparib,xgboost,0.55,0,374,0.0,Post-hoc radius scaling; not nominal interval coverage or an API policy
olaparib,xgboost,0.6000000000000001,0,374,0.0,Post-hoc radius scaling; not nominal interval coverage or an API policy
olaparib,xgboost,0.65,0,374,0.0,Post-hoc radius scaling; not nominal interval coverage or an API policy
olaparib,xgboost,0.7000000000000001,0,374,0.0,Post-hoc radius scaling; not nominal interval coverage or an API policy
olaparib,xgboost,0.75,0,374,0.0,Post-hoc radius scaling; not nominal interval coverage or an API policy
olaparib,xgboost,0.8,0,374,0.0,Post-hoc radius scaling; not nominal interval coverage or an API policy
olaparib,xgboost,0.8500000000000001,0,374,0.0,Post-hoc radius scaling; not nominal interval coverage or an API policy
olaparib,xgboost,0.9,0,374,0.0,Post-hoc radius scaling; not nominal interval coverage or an API policy
olaparib,xgboost,0.9500000000000001,0,374,0.0,Post-hoc radius scaling; not nominal interval coverage or an API policy
olaparib,xgboost,1.0,0,374,0.0,Post-hoc radius scaling; not nominal interval coverage or an API policy
palbociclib,elastic_net,0.0,98,370,0.2648648648648649,Post-hoc radius scaling; not nominal interval coverage or an API policy
palbociclib,elastic_net,0.05,82,370,0.22162162162162163,Post-hoc radius scaling; not nominal interval coverage or an API policy
palbociclib,elastic_net,0.1,65,370,0.17567567567567569,Post-hoc radius scaling; not nominal interval coverage or an API policy
palbociclib,elastic_net,0.15000000000000002,52,370,0.14054054054054055,Post-hoc radius scaling; not nominal interval coverage or an API policy
palbociclib,elastic_net,0.2,40,370,0.10810810810810811,Post-hoc radius scaling; not nominal interval coverage or an API policy
palbociclib,elastic_net,0.25,35,370,0.0945945945945946,Post-hoc radius scaling; not nominal interval coverage or an API policy
palbociclib,elastic_net,0.30000000000000004,25,370,0.06756756756756757,Post-hoc radius scaling; not nominal interval coverage or an API policy
palbociclib,elastic_net,0.35000000000000003,19,370,0.051351351351351354,Post-hoc radius scaling; not nominal interval coverage or an API policy
palbociclib,elastic_net,0.4,19,370,0.051351351351351354,Post-hoc radius scaling; not nominal interval coverage or an API policy
palbociclib,elastic_net,0.45,15,370,0.04054054054054054,Post-hoc radius scaling; not nominal interval coverage or an API policy
palbociclib,elastic_net,0.5,12,370,0.032432432432432434,Post-hoc radius scaling; not nominal interval coverage or an API policy
palbociclib,elastic_net,0.55,9,370,0.024324324324324326,Post-hoc radius scaling; not nominal interval coverage or an API policy
palbociclib,elastic_net,0.6000000000000001,7,370,0.01891891891891892,Post-hoc radius scaling; not nominal interval coverage or an API policy
palbociclib,elastic_net,0.65,6,370,0.016216216216216217,Post-hoc radius scaling; not nominal interval coverage or an API policy
palbociclib,elastic_net,0.7000000000000001,5,370,0.013513513513513514,Post-hoc radius scaling; not nominal interval coverage or an API policy
palbociclib,elastic_net,0.75,4,370,0.010810810810810811,Post-hoc radius scaling; not nominal interval coverage or an API policy
palbociclib,elastic_net,0.8,2,370,0.005405405405405406,Post-hoc radius scaling; not nominal interval coverage or an API policy
palbociclib,elastic_net,0.8500000000000001,2,370,0.005405405405405406,Post-hoc radius scaling; not nominal interval coverage or an API policy
palbociclib,elastic_net,0.9,2,370,0.005405405405405406,Post-hoc radius scaling; not nominal interval coverage or an API policy
palbociclib,elastic_net,0.9500000000000001,1,370,0.002702702702702703,Post-hoc radius scaling; not nominal interval coverage or an API policy
palbociclib,elastic_net,1.0,1,370,0.002702702702702703,Post-hoc radius scaling; not nominal interval coverage or an API policy
palbociclib,lineage,0.0,9,370,0.024324324324324326,Post-hoc radius scaling; not nominal interval coverage or an API policy
palbociclib,lineage,0.05,6,370,0.016216216216216217,Post-hoc radius scaling; not nominal interval coverage or an API policy
palbociclib,lineage,0.1,6,370,0.016216216216216217,Post-hoc radius scaling; not nominal interval coverage or an API policy
palbociclib,lineage,0.15000000000000002,0,370,0.0,Post-hoc radius scaling; not nominal interval coverage or an API policy
palbociclib,lineage,0.2,0,370,0.0,Post-hoc radius scaling; not nominal interval coverage or an API policy
palbociclib,lineage,0.25,0,370,0.0,Post-hoc radius scaling; not nominal interval coverage or an API policy
palbociclib,lineage,0.30000000000000004,0,370,0.0,Post-hoc radius scaling; not nominal interval coverage or an API policy
palbociclib,lineage,0.35000000000000003,0,370,0.0,Post-hoc radius scaling; not nominal interval coverage or an API policy
palbociclib,lineage,0.4,0,370,0.0,Post-hoc radius scaling; not nominal interval coverage or an API policy
palbociclib,lineage,0.45,0,370,0.0,Post-hoc radius scaling; not nominal interval coverage or an API policy
palbociclib,lineage,0.5,0,370,0.0,Post-hoc radius scaling; not nominal interval coverage or an API policy
palbociclib,lineage,0.55,0,370,0.0,Post-hoc radius scaling; not nominal interval coverage or an API policy
palbociclib,lineage,0.6000000000000001,0,370,0.0,Post-hoc radius scaling; not nominal interval coverage or an API policy
palbociclib,lineage,0.65,0,370,0.0,Post-hoc radius scaling; not nominal interval coverage or an API policy
palbociclib,lineage,0.7000000000000001,0,370,0.0,Post-hoc radius scaling; not nominal interval coverage or an API policy
palbociclib,lineage,0.75,0,370,0.0,Post-hoc radius scaling; not nominal interval coverage or an API policy
palbociclib,lineage,0.8,0,370,0.0,Post-hoc radius scaling; not nominal interval coverage or an API policy
palbociclib,lineage,0.8500000000000001,0,370,0.0,Post-hoc radius scaling; not nominal interval coverage or an API policy
palbociclib,lineage,0.9,0,370,0.0,Post-hoc radius scaling; not nominal interval coverage or an API policy
palbociclib,lineage,0.9500000000000001,0,370,0.0,Post-hoc radius scaling; not nominal interval coverage or an API policy
palbociclib,lineage,1.0,0,370,0.0,Post-hoc radius scaling; not nominal interval coverage or an API policy
palbociclib,xgboost,0.0,26,370,0.07027027027027027,Post-hoc radius scaling; not nominal interval coverage or an API policy
palbociclib,xgboost,0.05,22,370,0.05945945945945946,Post-hoc radius scaling; not nominal interval coverage or an API policy
palbociclib,xgboost,0.1,18,370,0.04864864864864865,Post-hoc radius scaling; not nominal interval coverage or an API policy
palbociclib,xgboost,0.15000000000000002,18,370,0.04864864864864865,Post-hoc radius scaling; not nominal interval coverage or an API policy
palbociclib,xgboost,0.2,16,370,0.043243243243243246,Post-hoc radius scaling; not nominal interval coverage or an API policy
palbociclib,xgboost,0.25,13,370,0.03513513513513514,Post-hoc radius scaling; not nominal interval coverage or an API policy
palbociclib,xgboost,0.30000000000000004,11,370,0.02972972972972973,Post-hoc radius scaling; not nominal interval coverage or an API policy
palbociclib,xgboost,0.35000000000000003,6,370,0.016216216216216217,Post-hoc radius scaling; not nominal interval coverage or an API policy
palbociclib,xgboost,0.4,5,370,0.013513513513513514,Post-hoc radius scaling; not nominal interval coverage or an API policy
palbociclib,xgboost,0.45,4,370,0.010810810810810811,Post-hoc radius scaling; not nominal interval coverage or an API policy
palbociclib,xgboost,0.5,4,370,0.010810810810810811,Post-hoc radius scaling; not nominal interval coverage or an API policy
palbociclib,xgboost,0.55,3,370,0.008108108108108109,Post-hoc radius scaling; not nominal interval coverage or an API policy
palbociclib,xgboost,0.6000000000000001,3,370,0.008108108108108109,Post-hoc radius scaling; not nominal interval coverage or an API policy
palbociclib,xgboost,0.65,3,370,0.008108108108108109,Post-hoc radius scaling; not nominal interval coverage or an API policy
palbociclib,xgboost,0.7000000000000001,3,370,0.008108108108108109,Post-hoc radius scaling; not nominal interval coverage or an API policy
palbociclib,xgboost,0.75,2,370,0.005405405405405406,Post-hoc radius scaling; not nominal interval coverage or an API policy
palbociclib,xgboost,0.8,2,370,0.005405405405405406,Post-hoc radius scaling; not nominal interval coverage or an API policy
palbociclib,xgboost,0.8500000000000001,2,370,0.005405405405405406,Post-hoc radius scaling; not nominal interval coverage or an API policy
palbociclib,xgboost,0.9,1,370,0.002702702702702703,Post-hoc radius scaling; not nominal interval coverage or an API policy
palbociclib,xgboost,0.9500000000000001,1,370,0.002702702702702703,Post-hoc radius scaling; not nominal interval coverage or an API policy
palbociclib,xgboost,1.0,1,370,0.002702702702702703,Post-hoc radius scaling; not nominal interval coverage or an API policy
trametinib,elastic_net,0.0,87,375,0.232,Post-hoc radius scaling; not nominal interval coverage or an API policy
trametinib,elastic_net,0.05,64,375,0.17066666666666666,Post-hoc radius scaling; not nominal interval coverage or an API policy
trametinib,elastic_net,0.1,49,375,0.13066666666666665,Post-hoc radius scaling; not nominal interval coverage or an API policy
trametinib,elastic_net,0.15000000000000002,37,375,0.09866666666666667,Post-hoc radius scaling; not nominal interval coverage or an API policy
trametinib,elastic_net,0.2,30,375,0.08,Post-hoc radius scaling; not nominal interval coverage or an API policy
trametinib,elastic_net,0.25,14,375,0.037333333333333336,Post-hoc radius scaling; not nominal interval coverage or an API policy
trametinib,elastic_net,0.30000000000000004,9,375,0.024,Post-hoc radius scaling; not nominal interval coverage or an API policy
trametinib,elastic_net,0.35000000000000003,7,375,0.018666666666666668,Post-hoc radius scaling; not nominal interval coverage or an API policy
trametinib,elastic_net,0.4,6,375,0.016,Post-hoc radius scaling; not nominal interval coverage or an API policy
trametinib,elastic_net,0.45,4,375,0.010666666666666666,Post-hoc radius scaling; not nominal interval coverage or an API policy
trametinib,elastic_net,0.5,3,375,0.008,Post-hoc radius scaling; not nominal interval coverage or an API policy
trametinib,elastic_net,0.55,2,375,0.005333333333333333,Post-hoc radius scaling; not nominal interval coverage or an API policy
trametinib,elastic_net,0.6000000000000001,1,375,0.0026666666666666666,Post-hoc radius scaling; not nominal interval coverage or an API policy
trametinib,elastic_net,0.65,0,375,0.0,Post-hoc radius scaling; not nominal interval coverage or an API policy
trametinib,elastic_net,0.7000000000000001,0,375,0.0,Post-hoc radius scaling; not nominal interval coverage or an API policy
trametinib,elastic_net,0.75,0,375,0.0,Post-hoc radius scaling; not nominal interval coverage or an API policy
trametinib,elastic_net,0.8,0,375,0.0,Post-hoc radius scaling; not nominal interval coverage or an API policy
trametinib,elastic_net,0.8500000000000001,0,375,0.0,Post-hoc radius scaling; not nominal interval coverage or an API policy
trametinib,elastic_net,0.9,0,375,0.0,Post-hoc radius scaling; not nominal interval coverage or an API policy
trametinib,elastic_net,0.9500000000000001,0,375,0.0,Post-hoc radius scaling; not nominal interval coverage or an API policy
trametinib,elastic_net,1.0,0,375,0.0,Post-hoc radius scaling; not nominal interval coverage or an API policy
trametinib,lineage,0.0,37,375,0.09866666666666667,Post-hoc radius scaling; not nominal interval coverage or an API policy
trametinib,lineage,0.05,33,375,0.088,Post-hoc radius scaling; not nominal interval coverage or an API policy
trametinib,lineage,0.1,33,375,0.088,Post-hoc radius scaling; not nominal interval coverage or an API policy
trametinib,lineage,0.15000000000000002,27,375,0.072,Post-hoc radius scaling; not nominal interval coverage or an API policy
trametinib,lineage,0.2,24,375,0.064,Post-hoc radius scaling; not nominal interval coverage or an API policy
trametinib,lineage,0.25,20,375,0.05333333333333334,Post-hoc radius scaling; not nominal interval coverage or an API policy
trametinib,lineage,0.30000000000000004,15,375,0.04,Post-hoc radius scaling; not nominal interval coverage or an API policy
trametinib,lineage,0.35000000000000003,7,375,0.018666666666666668,Post-hoc radius scaling; not nominal interval coverage or an API policy
trametinib,lineage,0.4,4,375,0.010666666666666666,Post-hoc radius scaling; not nominal interval coverage or an API policy
trametinib,lineage,0.45,4,375,0.010666666666666666,Post-hoc radius scaling; not nominal interval coverage or an API policy
trametinib,lineage,0.5,1,375,0.0026666666666666666,Post-hoc radius scaling; not nominal interval coverage or an API policy
trametinib,lineage,0.55,1,375,0.0026666666666666666,Post-hoc radius scaling; not nominal interval coverage or an API policy
trametinib,lineage,0.6000000000000001,0,375,0.0,Post-hoc radius scaling; not nominal interval coverage or an API policy
trametinib,lineage,0.65,0,375,0.0,Post-hoc radius scaling; not nominal interval coverage or an API policy
trametinib,lineage,0.7000000000000001,0,375,0.0,Post-hoc radius scaling; not nominal interval coverage or an API policy
trametinib,lineage,0.75,0,375,0.0,Post-hoc radius scaling; not nominal interval coverage or an API policy
trametinib,lineage,0.8,0,375,0.0,Post-hoc radius scaling; not nominal interval coverage or an API policy
trametinib,lineage,0.8500000000000001,0,375,0.0,Post-hoc radius scaling; not nominal interval coverage or an API policy
trametinib,lineage,0.9,0,375,0.0,Post-hoc radius scaling; not nominal interval coverage or an API policy
trametinib,lineage,0.9500000000000001,0,375,0.0,Post-hoc radius scaling; not nominal interval coverage or an API policy
trametinib,lineage,1.0,0,375,0.0,Post-hoc radius scaling; not nominal interval coverage or an API policy
trametinib,xgboost,0.0,66,375,0.176,Post-hoc radius scaling; not nominal interval coverage or an API policy
trametinib,xgboost,0.05,50,375,0.13333333333333333,Post-hoc radius scaling; not nominal interval coverage or an API policy
trametinib,xgboost,0.1,39,375,0.104,Post-hoc radius scaling; not nominal interval coverage or an API policy
trametinib,xgboost,0.15000000000000002,27,375,0.072,Post-hoc radius scaling; not nominal interval coverage or an API policy
trametinib,xgboost,0.2,16,375,0.042666666666666665,Post-hoc radius scaling; not nominal interval coverage or an API policy
trametinib,xgboost,0.25,10,375,0.02666666666666667,Post-hoc radius scaling; not nominal interval coverage or an API policy
trametinib,xgboost,0.30000000000000004,7,375,0.018666666666666668,Post-hoc radius scaling; not nominal interval coverage or an API policy
trametinib,xgboost,0.35000000000000003,7,375,0.018666666666666668,Post-hoc radius scaling; not nominal interval coverage or an API policy
trametinib,xgboost,0.4,3,375,0.008,Post-hoc radius scaling; not nominal interval coverage or an API policy
trametinib,xgboost,0.45,2,375,0.005333333333333333,Post-hoc radius scaling; not nominal interval coverage or an API policy
trametinib,xgboost,0.5,1,375,0.0026666666666666666,Post-hoc radius scaling; not nominal interval coverage or an API policy
trametinib,xgboost,0.55,0,375,0.0,Post-hoc radius scaling; not nominal interval coverage or an API policy
trametinib,xgboost,0.6000000000000001,0,375,0.0,Post-hoc radius scaling; not nominal interval coverage or an API policy
trametinib,xgboost,0.65,0,375,0.0,Post-hoc radius scaling; not nominal interval coverage or an API policy
trametinib,xgboost,0.7000000000000001,0,375,0.0,Post-hoc radius scaling; not nominal interval coverage or an API policy
trametinib,xgboost,0.75,0,375,0.0,Post-hoc radius scaling; not nominal interval coverage or an API policy
trametinib,xgboost,0.8,0,375,0.0,Post-hoc radius scaling; not nominal interval coverage or an API policy
trametinib,xgboost,0.8500000000000001,0,375,0.0,Post-hoc radius scaling; not nominal interval coverage or an API policy
trametinib,xgboost,0.9,0,375,0.0,Post-hoc radius scaling; not nominal interval coverage or an API policy
trametinib,xgboost,0.9500000000000001,0,375,0.0,Post-hoc radius scaling; not nominal interval coverage or an API policy
trametinib,xgboost,1.0,0,375,0.0,Post-hoc radius scaling; not nominal interval coverage or an API policy
