drug,fold,role,model_id
palbociclib,1,fit,ACH-000343
palbociclib,1,fit,ACH-000510
palbociclib,1,fit,ACH-000086
palbociclib,1,fit,ACH-000977
palbociclib,1,fit,ACH-000007
palbociclib,1,fit,ACH-000592
palbociclib,1,fit,ACH-000437
palbociclib,1,fit,ACH-000416
palbociclib,1,fit,ACH-001318
palbociclib,1,fit,ACH-000250
palbociclib,1,fit,ACH-000488
palbociclib,1,fit,ACH-000015
palbociclib,1,fit,ACH-000792
palbociclib,1,fit,ACH-000351
palbociclib,1,fit,ACH-000840
palbociclib,1,fit,ACH-000738
palbociclib,1,fit,ACH-000956
palbociclib,1,fit,ACH-000852
palbociclib,1,fit,ACH-000417
palbociclib,1,fit,ACH-000946
palbociclib,1,fit,ACH-000493
palbociclib,1,fit,ACH-000163
palbociclib,1,fit,ACH-000486
palbociclib,1,fit,ACH-000614
palbociclib,1,fit,ACH-000447
palbociclib,1,fit,ACH-000968
palbociclib,1,fit,ACH-000898
palbociclib,1,fit,ACH-000013
palbociclib,1,fit,ACH-000012
palbociclib,1,fit,ACH-000261
palbociclib,1,fit,ACH-000429
palbociclib,1,fit,ACH-000713
palbociclib,1,fit,ACH-000292
palbociclib,1,fit,ACH-000756
palbociclib,1,fit,ACH-000376
palbociclib,1,fit,ACH-000316
palbociclib,1,fit,ACH-000847
palbociclib,1,fit,ACH-000542
palbociclib,1,fit,ACH-000082
palbociclib,1,fit,ACH-000917
palbociclib,1,fit,ACH-000532
palbociclib,1,fit,ACH-000141
palbociclib,1,fit,ACH-000622
palbociclib,1,fit,ACH-000783
palbociclib,1,fit,ACH-000921
palbociclib,1,fit,ACH-000856
palbociclib,1,fit,ACH-000805
palbociclib,1,fit,ACH-000427
palbociclib,1,fit,ACH-000356
palbociclib,1,fit,ACH-000211
palbociclib,1,fit,ACH-000524
palbociclib,1,fit,ACH-000307
palbociclib,1,fit,ACH-000682
palbociclib,1,fit,ACH-000277
palbociclib,1,fit,ACH-000201
palbociclib,1,fit,ACH-000361
palbociclib,1,fit,ACH-000734
palbociclib,1,fit,ACH-000721
palbociclib,1,fit,ACH-000278
palbociclib,1,fit,ACH-000397
palbociclib,1,fit,ACH-000352
palbociclib,1,fit,ACH-000841
palbociclib,1,fit,ACH-000454
palbociclib,1,fit,ACH-000320
palbociclib,1,fit,ACH-000901
palbociclib,1,fit,ACH-000484
palbociclib,1,fit,ACH-000331
palbociclib,1,fit,ACH-000948
palbociclib,1,fit,ACH-000627
palbociclib,1,fit,ACH-000994
palbociclib,1,fit,ACH-000393
palbociclib,1,fit,ACH-000332
palbociclib,1,fit,ACH-000054
palbociclib,1,fit,ACH-000679
palbociclib,1,fit,ACH-000537
palbociclib,1,fit,ACH-000988
palbociclib,1,fit,ACH-000445
palbociclib,1,fit,ACH-000749
palbociclib,1,fit,ACH-000663
palbociclib,1,fit,ACH-000232
palbociclib,1,fit,ACH-000688
palbociclib,1,fit,ACH-000479
palbociclib,1,fit,ACH-000582
palbociclib,1,fit,ACH-000950
palbociclib,1,fit,ACH-000504
palbociclib,1,fit,ACH-000965
palbociclib,1,fit,ACH-000411
palbociclib,1,fit,ACH-000468
palbociclib,1,fit,ACH-000769
palbociclib,1,fit,ACH-000395
palbociclib,1,fit,ACH-000978
palbociclib,1,fit,ACH-000882
palbociclib,1,fit,ACH-000237
palbociclib,1,fit,ACH-000011
palbociclib,1,fit,ACH-000853
palbociclib,1,fit,ACH-000678
palbociclib,1,fit,ACH-000730
palbociclib,1,fit,ACH-000243
palbociclib,1,fit,ACH-000014
palbociclib,1,fit,ACH-000788
palbociclib,1,fit,ACH-000628
palbociclib,1,fit,ACH-000866
palbociclib,1,fit,ACH-000651
palbociclib,1,fit,ACH-000450
palbociclib,1,fit,ACH-000117
palbociclib,1,fit,ACH-000940
palbociclib,1,fit,ACH-000281
palbociclib,1,fit,ACH-000259
palbociclib,1,fit,ACH-000776
palbociclib,1,fit,ACH-000778
palbociclib,1,fit,ACH-000476
palbociclib,1,fit,ACH-000858
palbociclib,1,fit,ACH-000971
palbociclib,1,fit,ACH-000632
palbociclib,1,fit,ACH-000766
palbociclib,1,fit,ACH-000062
palbociclib,1,fit,ACH-000957
palbociclib,1,fit,ACH-000087
palbociclib,1,fit,ACH-000368
palbociclib,1,fit,ACH-000528
palbociclib,1,fit,ACH-000848
palbociclib,1,fit,ACH-000796
palbociclib,1,fit,ACH-000809
palbociclib,1,fit,ACH-000961
palbociclib,1,fit,ACH-000313
palbociclib,1,fit,ACH-000389
palbociclib,1,fit,ACH-000973
palbociclib,1,fit,ACH-000415
palbociclib,1,fit,ACH-000736
palbociclib,1,fit,ACH-000572
palbociclib,1,fit,ACH-000235
palbociclib,1,fit,ACH-000959
palbociclib,1,fit,ACH-000750
palbociclib,1,fit,ACH-000835
palbociclib,1,fit,ACH-000599
palbociclib,1,fit,ACH-000671
palbociclib,1,fit,ACH-000481
palbociclib,1,fit,ACH-000037
palbociclib,1,fit,ACH-000142
palbociclib,1,fit,ACH-000210
palbociclib,1,fit,ACH-000147
palbociclib,1,fit,ACH-000108
palbociclib,1,fit,ACH-000888
palbociclib,1,fit,ACH-000521
palbociclib,1,fit,ACH-000777
palbociclib,1,fit,ACH-000833
palbociclib,1,fit,ACH-000097
palbociclib,1,fit,ACH-000748
palbociclib,1,fit,ACH-000477
palbociclib,1,fit,ACH-000573
palbociclib,1,fit,ACH-000207
palbociclib,1,fit,ACH-000022
palbociclib,1,fit,ACH-000288
palbociclib,1,fit,ACH-000473
palbociclib,1,fit,ACH-000974
palbociclib,1,fit,ACH-000040
palbociclib,1,fit,ACH-000758
palbociclib,1,fit,ACH-000471
palbociclib,1,fit,ACH-000955
palbociclib,1,fit,ACH-000174
palbociclib,1,fit,ACH-000905
palbociclib,1,fit,ACH-000601
palbociclib,1,fit,ACH-000843
palbociclib,1,fit,ACH-000535
palbociclib,1,fit,ACH-000344
palbociclib,1,fit,ACH-000391
palbociclib,1,fit,ACH-000264
palbociclib,1,fit,ACH-000189
palbociclib,1,fit,ACH-000172
palbociclib,1,fit,ACH-000517
palbociclib,1,fit,ACH-000834
palbociclib,1,fit,ACH-000228
palbociclib,1,fit,ACH-000624
palbociclib,1,fit,ACH-000137
palbociclib,1,fit,ACH-000878
palbociclib,1,fit,ACH-000822
palbociclib,1,fit,ACH-000420
palbociclib,1,fit,ACH-000244
palbociclib,1,fit,ACH-000311
palbociclib,1,fit,ACH-000802
palbociclib,1,fit,ACH-000579
palbociclib,1,fit,ACH-000747
palbociclib,1,fit,ACH-000803
palbociclib,1,fit,ACH-000407
palbociclib,1,fit,ACH-000804
palbociclib,1,fit,ACH-000403
palbociclib,1,fit,ACH-000098
palbociclib,1,fit,ACH-000810
palbociclib,1,fit,ACH-000219
palbociclib,1,fit,ACH-000735
palbociclib,1,fit,ACH-000312
palbociclib,1,fit,ACH-000845
palbociclib,1,fit,ACH-000123
palbociclib,1,fit,ACH-000092
palbociclib,1,fit,ACH-000899
palbociclib,1,fit,ACH-000720
palbociclib,1,fit,ACH-000091
palbociclib,1,fit,ACH-000319
palbociclib,1,fit,ACH-000408
palbociclib,1,fit,ACH-000516
palbociclib,1,fit,ACH-000701
palbociclib,1,fit,ACH-000881
palbociclib,1,fit,ACH-000915
palbociclib,1,fit,ACH-000132
palbociclib,1,fit,ACH-000724
palbociclib,1,fit,ACH-000444
palbociclib,1,fit,ACH-000480
palbociclib,1,fit,ACH-000390
palbociclib,1,fit,ACH-000192
palbociclib,1,fit,ACH-000762
palbociclib,1,fit,ACH-000903
palbociclib,1,fit,ACH-000018
palbociclib,1,fit,ACH-000958
palbociclib,1,fit,ACH-000469
palbociclib,1,fit,ACH-000500
palbociclib,1,fit,ACH-000222
palbociclib,1,fit,ACH-000503
palbociclib,1,fit,ACH-000401
palbociclib,1,fit,ACH-000947
palbociclib,1,fit,ACH-000322
palbociclib,1,fit,ACH-000618
palbociclib,1,fit,ACH-000929
palbociclib,1,fit,ACH-000620
palbociclib,1,fit,ACH-000364
palbociclib,1,fit,ACH-000329
palbociclib,1,fit,ACH-000019
palbociclib,1,fit,ACH-000023
palbociclib,1,fit,ACH-000827
palbociclib,1,fit,ACH-000879
palbociclib,1,fit,ACH-000667
palbociclib,1,fit,ACH-000913
palbociclib,1,fit,ACH-000814
palbociclib,1,fit,ACH-000643
palbociclib,1,fit,ACH-000637
palbociclib,1,fit,ACH-000212
palbociclib,1,fit,ACH-000966
palbociclib,1,calibration,ACH-000589
palbociclib,1,calibration,ACH-000153
palbociclib,1,calibration,ACH-000302
palbociclib,1,calibration,ACH-000155
palbociclib,1,calibration,ACH-000231
palbociclib,1,calibration,ACH-000433
palbociclib,1,calibration,ACH-000890
palbociclib,1,calibration,ACH-000496
palbociclib,1,calibration,ACH-000217
palbociclib,1,calibration,ACH-000694
palbociclib,1,calibration,ACH-000280
palbociclib,1,calibration,ACH-000924
palbociclib,1,calibration,ACH-001239
palbociclib,1,calibration,ACH-000665
palbociclib,1,calibration,ACH-000669
palbociclib,1,calibration,ACH-000090
palbociclib,1,calibration,ACH-000648
palbociclib,1,calibration,ACH-000652
palbociclib,1,calibration,ACH-000552
palbociclib,1,calibration,ACH-000941
palbociclib,1,calibration,ACH-000666
palbociclib,1,calibration,ACH-000441
palbociclib,1,calibration,ACH-000270
palbociclib,1,calibration,ACH-000839
palbociclib,1,calibration,ACH-000502
palbociclib,1,calibration,ACH-001306
palbociclib,1,calibration,ACH-000670
palbociclib,1,calibration,ACH-000169
palbociclib,1,calibration,ACH-000324
palbociclib,1,calibration,ACH-000279
palbociclib,1,calibration,ACH-000647
palbociclib,1,calibration,ACH-000681
palbociclib,1,calibration,ACH-000945
palbociclib,1,calibration,ACH-000927
palbociclib,1,calibration,ACH-000595
palbociclib,1,calibration,ACH-000456
palbociclib,1,calibration,ACH-000374
palbociclib,1,calibration,ACH-000276
palbociclib,1,calibration,ACH-000046
palbociclib,1,calibration,ACH-000976
palbociclib,1,calibration,ACH-000182
palbociclib,1,calibration,ACH-000943
palbociclib,1,calibration,ACH-000732
palbociclib,1,calibration,ACH-000900
palbociclib,1,calibration,ACH-000060
palbociclib,1,calibration,ACH-000191
palbociclib,1,calibration,ACH-000826
palbociclib,1,calibration,ACH-000463
palbociclib,1,calibration,ACH-000030
palbociclib,1,calibration,ACH-000052
palbociclib,1,calibration,ACH-000273
palbociclib,1,calibration,ACH-000545
palbociclib,1,calibration,ACH-000661
palbociclib,1,calibration,ACH-000979
palbociclib,1,calibration,ACH-000791
palbociclib,1,calibration,ACH-000936
palbociclib,1,calibration,ACH-000811
palbociclib,1,calibration,ACH-000383
palbociclib,1,calibration,ACH-001128
palbociclib,1,calibration,ACH-001075
palbociclib,1,test,ACH-000461
palbociclib,1,test,ACH-000421
palbociclib,1,test,ACH-000008
palbociclib,1,test,ACH-000800
palbociclib,1,test,ACH-000587
palbociclib,1,test,ACH-000785
palbociclib,1,test,ACH-000880
palbociclib,1,test,ACH-000035
palbociclib,1,test,ACH-000260
palbociclib,1,test,ACH-000223
palbociclib,1,test,ACH-000832
palbociclib,1,test,ACH-000544
palbociclib,1,test,ACH-000684
palbociclib,1,test,ACH-000896
palbociclib,1,test,ACH-000784
palbociclib,1,test,ACH-000662
palbociclib,1,test,ACH-000164
palbociclib,1,test,ACH-000997
palbociclib,1,test,ACH-000819
palbociclib,1,test,ACH-000954
palbociclib,1,test,ACH-000836
palbociclib,1,test,ACH-000318
palbociclib,1,test,ACH-000719
palbociclib,1,test,ACH-000674
palbociclib,1,test,ACH-000139
palbociclib,1,test,ACH-000188
palbociclib,1,test,ACH-000680
palbociclib,1,test,ACH-000118
palbociclib,1,test,ACH-000265
palbociclib,1,test,ACH-000855
palbociclib,1,test,ACH-000359
palbociclib,1,test,ACH-000716
palbociclib,1,test,ACH-000375
palbociclib,1,test,ACH-000753
palbociclib,1,test,ACH-000605
palbociclib,1,test,ACH-000367
palbociclib,1,test,ACH-000099
palbociclib,1,test,ACH-000649
palbociclib,1,test,ACH-000768
palbociclib,1,test,ACH-000527
palbociclib,1,test,ACH-000696
palbociclib,1,test,ACH-001307
palbociclib,1,test,ACH-000323
palbociclib,1,test,ACH-000021
palbociclib,1,test,ACH-001190
palbociclib,1,test,ACH-000759
palbociclib,1,test,ACH-000693
palbociclib,1,test,ACH-000982
palbociclib,1,test,ACH-000308
palbociclib,1,test,ACH-000837
palbociclib,1,test,ACH-000048
palbociclib,1,test,ACH-000133
palbociclib,1,test,ACH-000630
palbociclib,1,test,ACH-000042
palbociclib,1,test,ACH-000221
palbociclib,1,test,ACH-000457
palbociclib,1,test,ACH-000593
palbociclib,1,test,ACH-000159
palbociclib,1,test,ACH-000335
palbociclib,1,test,ACH-000764
palbociclib,1,test,ACH-000846
palbociclib,1,test,ACH-000939
palbociclib,1,test,ACH-000919
palbociclib,1,test,ACH-000096
palbociclib,1,test,ACH-000849
palbociclib,1,test,ACH-000911
palbociclib,1,test,ACH-000869
palbociclib,1,test,ACH-000985
palbociclib,1,test,ACH-000347
palbociclib,1,test,ACH-000771
palbociclib,1,test,ACH-000967
palbociclib,1,test,ACH-000996
palbociclib,1,test,ACH-000505
palbociclib,1,test,ACH-000781
palbociclib,2,fit,ACH-000827
palbociclib,2,fit,ACH-000368
palbociclib,2,fit,ACH-000212
palbociclib,2,fit,ACH-000192
palbociclib,2,fit,ACH-000771
palbociclib,2,fit,ACH-000766
palbociclib,2,fit,ACH-000042
palbociclib,2,fit,ACH-000898
palbociclib,2,fit,ACH-000943
palbociclib,2,fit,ACH-000694
palbociclib,2,fit,ACH-000182
palbociclib,2,fit,ACH-000091
palbociclib,2,fit,ACH-000665
palbociclib,2,fit,ACH-000359
palbociclib,2,fit,ACH-000441
palbociclib,2,fit,ACH-000682
palbociclib,2,fit,ACH-000671
palbociclib,2,fit,ACH-000748
palbociclib,2,fit,ACH-000217
palbociclib,2,fit,ACH-000142
palbociclib,2,fit,ACH-000023
palbociclib,2,fit,ACH-000117
palbociclib,2,fit,ACH-000777
palbociclib,2,fit,ACH-000288
palbociclib,2,fit,ACH-000788
palbociclib,2,fit,ACH-000503
palbociclib,2,fit,ACH-000329
palbociclib,2,fit,ACH-000792
palbociclib,2,fit,ACH-000582
palbociclib,2,fit,ACH-000648
palbociclib,2,fit,ACH-000647
palbociclib,2,fit,ACH-000155
palbociclib,2,fit,ACH-000260
palbociclib,2,fit,ACH-000323
palbociclib,2,fit,ACH-000684
palbociclib,2,fit,ACH-000901
palbociclib,2,fit,ACH-000351
palbociclib,2,fit,ACH-000674
palbociclib,2,fit,ACH-000244
palbociclib,2,fit,ACH-000021
palbociclib,2,fit,ACH-000477
palbociclib,2,fit,ACH-000324
palbociclib,2,fit,ACH-000834
palbociclib,2,fit,ACH-001239
palbociclib,2,fit,ACH-000313
palbociclib,2,fit,ACH-000210
palbociclib,2,fit,ACH-000845
palbociclib,2,fit,ACH-000945
palbociclib,2,fit,ACH-000270
palbociclib,2,fit,ACH-000527
palbociclib,2,fit,ACH-000805
palbociclib,2,fit,ACH-000265
palbociclib,2,fit,ACH-000924
palbociclib,2,fit,ACH-000809
palbociclib,2,fit,ACH-000573
palbociclib,2,fit,ACH-000447
palbociclib,2,fit,ACH-000881
palbociclib,2,fit,ACH-000052
palbociclib,2,fit,ACH-000819
palbociclib,2,fit,ACH-000661
palbociclib,2,fit,ACH-000318
palbociclib,2,fit,ACH-000696
palbociclib,2,fit,ACH-000852
palbociclib,2,fit,ACH-000188
palbociclib,2,fit,ACH-000062
palbociclib,2,fit,ACH-000008
palbociclib,2,fit,ACH-000996
palbociclib,2,fit,ACH-000811
palbociclib,2,fit,ACH-000347
palbociclib,2,fit,ACH-000277
palbociclib,2,fit,ACH-001318
palbociclib,2,fit,ACH-000319
palbociclib,2,fit,ACH-000955
palbociclib,2,fit,ACH-000701
palbociclib,2,fit,ACH-000651
palbociclib,2,fit,ACH-000670
palbociclib,2,fit,ACH-000147
palbociclib,2,fit,ACH-000141
palbociclib,2,fit,ACH-000620
palbociclib,2,fit,ACH-000783
palbociclib,2,fit,ACH-000630
palbociclib,2,fit,ACH-000312
palbociclib,2,fit,ACH-000219
palbociclib,2,fit,ACH-000331
palbociclib,2,fit,ACH-000915
palbociclib,2,fit,ACH-000628
palbociclib,2,fit,ACH-000375
palbociclib,2,fit,ACH-000652
palbociclib,2,fit,ACH-000552
palbociclib,2,fit,ACH-000393
palbociclib,2,fit,ACH-000713
palbociclib,2,fit,ACH-000223
palbociclib,2,fit,ACH-000678
palbociclib,2,fit,ACH-000734
palbociclib,2,fit,ACH-000408
palbociclib,2,fit,ACH-000720
palbociclib,2,fit,ACH-000098
palbociclib,2,fit,ACH-000486
palbociclib,2,fit,ACH-000164
palbociclib,2,fit,ACH-000759
palbociclib,2,fit,ACH-000997
palbociclib,2,fit,ACH-000528
palbociclib,2,fit,ACH-000054
palbociclib,2,fit,ACH-000572
palbociclib,2,fit,ACH-000542
palbociclib,2,fit,ACH-000383
palbociclib,2,fit,ACH-000273
palbociclib,2,fit,ACH-000172
palbociclib,2,fit,ACH-000007
palbociclib,2,fit,ACH-000018
palbociclib,2,fit,ACH-000211
palbociclib,2,fit,ACH-000097
palbociclib,2,fit,ACH-000013
palbociclib,2,fit,ACH-000087
palbociclib,2,fit,ACH-000605
palbociclib,2,fit,ACH-000681
palbociclib,2,fit,ACH-000099
palbociclib,2,fit,ACH-001075
palbociclib,2,fit,ACH-000108
palbociclib,2,fit,ACH-000364
palbociclib,2,fit,ACH-000480
palbociclib,2,fit,ACH-000589
palbociclib,2,fit,ACH-000977
palbociclib,2,fit,ACH-000222
palbociclib,2,fit,ACH-000855
palbociclib,2,fit,ACH-000479
palbociclib,2,fit,ACH-000096
palbociclib,2,fit,ACH-000985
palbociclib,2,fit,ACH-000276
palbociclib,2,fit,ACH-000693
palbociclib,2,fit,ACH-000320
palbociclib,2,fit,ACH-000302
palbociclib,2,fit,ACH-000735
palbociclib,2,fit,ACH-000279
palbociclib,2,fit,ACH-000948
palbociclib,2,fit,ACH-000086
palbociclib,2,fit,ACH-000367
palbociclib,2,fit,ACH-000191
palbociclib,2,fit,ACH-000133
palbociclib,2,fit,ACH-000259
palbociclib,2,fit,ACH-000139
palbociclib,2,fit,ACH-000614
palbociclib,2,fit,ACH-000688
palbociclib,2,fit,ACH-000917
palbociclib,2,fit,ACH-000847
palbociclib,2,fit,ACH-000201
palbociclib,2,fit,ACH-000832
palbociclib,2,fit,ACH-000444
palbociclib,2,fit,ACH-000643
palbociclib,2,fit,ACH-000011
palbociclib,2,fit,ACH-000716
palbociclib,2,fit,ACH-000153
palbociclib,2,fit,ACH-000679
palbociclib,2,fit,ACH-000680
palbociclib,2,fit,ACH-000724
palbociclib,2,fit,ACH-000082
palbociclib,2,fit,ACH-000959
palbociclib,2,fit,ACH-000878
palbociclib,2,fit,ACH-000292
palbociclib,2,fit,ACH-000738
palbociclib,2,fit,ACH-000163
palbociclib,2,fit,ACH-000971
palbociclib,2,fit,ACH-000849
palbociclib,2,fit,ACH-000896
palbociclib,2,fit,ACH-000207
palbociclib,2,fit,ACH-000231
palbociclib,2,fit,ACH-000521
palbociclib,2,fit,ACH-000888
palbociclib,2,fit,ACH-000769
palbociclib,2,fit,ACH-000264
palbociclib,2,fit,ACH-000250
palbociclib,2,fit,ACH-000545
palbociclib,2,fit,ACH-000966
palbociclib,2,fit,ACH-000476
palbociclib,2,fit,ACH-000376
palbociclib,2,fit,ACH-000899
palbociclib,2,fit,ACH-000637
palbociclib,2,fit,ACH-000174
palbociclib,2,fit,ACH-000035
palbociclib,2,fit,ACH-000956
palbociclib,2,fit,ACH-001190
palbociclib,2,fit,ACH-000968
palbociclib,2,fit,ACH-000040
palbociclib,2,fit,ACH-000343
palbociclib,2,fit,ACH-000457
palbociclib,2,fit,ACH-000833
palbociclib,2,fit,ACH-000848
palbociclib,2,fit,ACH-000159
palbociclib,2,fit,ACH-000988
palbociclib,2,fit,ACH-000721
palbociclib,2,fit,ACH-000882
palbociclib,2,fit,ACH-000846
palbociclib,2,fit,ACH-000232
palbociclib,2,fit,ACH-000781
palbociclib,2,fit,ACH-000391
palbociclib,2,fit,ACH-000403
palbociclib,2,fit,ACH-000791
palbociclib,2,fit,ACH-000778
palbociclib,2,fit,ACH-000427
palbociclib,2,fit,ACH-000979
palbociclib,2,fit,ACH-000014
palbociclib,2,fit,ACH-000921
palbociclib,2,fit,ACH-000517
palbociclib,2,fit,ACH-000237
palbociclib,2,fit,ACH-000189
palbociclib,2,fit,ACH-000471
palbociclib,2,fit,ACH-000967
palbociclib,2,fit,ACH-000415
palbociclib,2,fit,ACH-000524
palbociclib,2,fit,ACH-000756
palbociclib,2,fit,ACH-001307
palbociclib,2,fit,ACH-000837
palbociclib,2,fit,ACH-000421
palbociclib,2,fit,ACH-000869
palbociclib,2,fit,ACH-000939
palbociclib,2,fit,ACH-000308
palbociclib,2,fit,ACH-000750
palbociclib,2,fit,ACH-000037
palbociclib,2,fit,ACH-000954
palbociclib,2,fit,ACH-000278
palbociclib,2,fit,ACH-000913
palbociclib,2,fit,ACH-000473
palbociclib,2,fit,ACH-000090
palbociclib,2,fit,ACH-000221
palbociclib,2,fit,ACH-000463
palbociclib,2,fit,ACH-000976
palbociclib,2,fit,ACH-000856
palbociclib,2,fit,ACH-000374
palbociclib,2,fit,ACH-000982
palbociclib,2,fit,ACH-000592
palbociclib,2,fit,ACH-000747
palbociclib,2,fit,ACH-000397
palbociclib,2,fit,ACH-000235
palbociclib,2,fit,ACH-000137
palbociclib,2,fit,ACH-000764
palbociclib,2,fit,ACH-000500
palbociclib,2,calibration,ACH-000803
palbociclib,2,calibration,ACH-000662
palbociclib,2,calibration,ACH-000732
palbociclib,2,calibration,ACH-000858
palbociclib,2,calibration,ACH-000753
palbociclib,2,calibration,ACH-000826
palbociclib,2,calibration,ACH-000784
palbociclib,2,calibration,ACH-000730
palbociclib,2,calibration,ACH-000736
palbociclib,2,calibration,ACH-000416
palbociclib,2,calibration,ACH-000785
palbociclib,2,calibration,ACH-000060
palbociclib,2,calibration,ACH-000335
palbociclib,2,calibration,ACH-000649
palbociclib,2,calibration,ACH-000429
palbociclib,2,calibration,ACH-000599
palbociclib,2,calibration,ACH-000632
palbociclib,2,calibration,ACH-000800
palbociclib,2,calibration,ACH-000900
palbociclib,2,calibration,ACH-000118
palbociclib,2,calibration,ACH-000544
palbociclib,2,calibration,ACH-000537
palbociclib,2,calibration,ACH-000012
palbociclib,2,calibration,ACH-000344
palbociclib,2,calibration,ACH-000994
palbociclib,2,calibration,ACH-000940
palbociclib,2,calibration,ACH-000836
palbociclib,2,calibration,ACH-000719
palbociclib,2,calibration,ACH-000814
palbociclib,2,calibration,ACH-001128
palbociclib,2,calibration,ACH-000389
palbociclib,2,calibration,ACH-000505
palbociclib,2,calibration,ACH-000593
palbociclib,2,calibration,ACH-000280
palbociclib,2,calibration,ACH-000030
palbociclib,2,calibration,ACH-000420
palbociclib,2,calibration,ACH-000776
palbociclib,2,calibration,ACH-000965
palbociclib,2,calibration,ACH-000587
palbociclib,2,calibration,ACH-000048
palbociclib,2,calibration,ACH-000322
palbociclib,2,calibration,ACH-000810
palbociclib,2,calibration,ACH-000946
palbociclib,2,calibration,ACH-000622
palbociclib,2,calibration,ACH-000532
palbociclib,2,calibration,ACH-000243
palbociclib,2,calibration,ACH-000445
palbociclib,2,calibration,ACH-000758
palbociclib,2,calibration,ACH-000461
palbociclib,2,calibration,ACH-000496
palbociclib,2,calibration,ACH-000911
palbociclib,2,calibration,ACH-000978
palbociclib,2,calibration,ACH-000352
palbociclib,2,calibration,ACH-000880
palbociclib,2,calibration,ACH-000768
palbociclib,2,calibration,ACH-000840
palbociclib,2,calibration,ACH-000356
palbociclib,2,calibration,ACH-000919
palbociclib,2,calibration,ACH-000822
palbociclib,2,calibration,ACH-000332
palbociclib,2,test,ACH-000123
palbociclib,2,test,ACH-000627
palbociclib,2,test,ACH-000941
palbociclib,2,test,ACH-000019
palbociclib,2,test,ACH-000481
palbociclib,2,test,ACH-000749
palbociclib,2,test,ACH-000261
palbociclib,2,test,ACH-000484
palbociclib,2,test,ACH-000866
palbociclib,2,test,ACH-000890
palbociclib,2,test,ACH-000022
palbociclib,2,test,ACH-000437
palbociclib,2,test,ACH-000361
palbociclib,2,test,ACH-000407
palbociclib,2,test,ACH-000947
palbociclib,2,test,ACH-000853
palbociclib,2,test,ACH-000618
palbociclib,2,test,ACH-000132
palbociclib,2,test,ACH-000936
palbociclib,2,test,ACH-000504
palbociclib,2,test,ACH-000092
palbociclib,2,test,ACH-000669
palbociclib,2,test,ACH-000950
palbociclib,2,test,ACH-000957
palbociclib,2,test,ACH-000762
palbociclib,2,test,ACH-000927
palbociclib,2,test,ACH-000974
palbociclib,2,test,ACH-000843
palbociclib,2,test,ACH-000667
palbociclib,2,test,ACH-000905
palbociclib,2,test,ACH-000516
palbociclib,2,test,ACH-000411
palbociclib,2,test,ACH-000903
palbociclib,2,test,ACH-000433
palbociclib,2,test,ACH-000417
palbociclib,2,test,ACH-000839
palbociclib,2,test,ACH-000802
palbociclib,2,test,ACH-000535
palbociclib,2,test,ACH-001306
palbociclib,2,test,ACH-000804
palbociclib,2,test,ACH-000488
palbociclib,2,test,ACH-000450
palbociclib,2,test,ACH-000835
palbociclib,2,test,ACH-000879
palbociclib,2,test,ACH-000454
palbociclib,2,test,ACH-000395
palbociclib,2,test,ACH-000316
palbociclib,2,test,ACH-000601
palbociclib,2,test,ACH-000624
palbociclib,2,test,ACH-000493
palbociclib,2,test,ACH-000401
palbociclib,2,test,ACH-000841
palbociclib,2,test,ACH-000929
palbociclib,2,test,ACH-000311
palbociclib,2,test,ACH-000390
palbociclib,2,test,ACH-000468
palbociclib,2,test,ACH-000456
palbociclib,2,test,ACH-000961
palbociclib,2,test,ACH-000958
palbociclib,2,test,ACH-000228
palbociclib,2,test,ACH-000281
palbociclib,2,test,ACH-000307
palbociclib,2,test,ACH-000595
palbociclib,2,test,ACH-000663
palbociclib,2,test,ACH-000510
palbociclib,2,test,ACH-000169
palbociclib,2,test,ACH-000796
palbociclib,2,test,ACH-000469
palbociclib,2,test,ACH-000579
palbociclib,2,test,ACH-000502
palbociclib,2,test,ACH-000015
palbociclib,2,test,ACH-000666
palbociclib,2,test,ACH-000046
palbociclib,2,test,ACH-000973
palbociclib,3,fit,ACH-000941
palbociclib,3,fit,ACH-000316
palbociclib,3,fit,ACH-000276
palbociclib,3,fit,ACH-000847
palbociclib,3,fit,ACH-000967
palbociclib,3,fit,ACH-000503
palbociclib,3,fit,ACH-000827
palbociclib,3,fit,ACH-000915
palbociclib,3,fit,ACH-000599
palbociclib,3,fit,ACH-000758
palbociclib,3,fit,ACH-000311
palbociclib,3,fit,ACH-000748
palbociclib,3,fit,ACH-000139
palbociclib,3,fit,ACH-000905
palbociclib,3,fit,ACH-000117
palbociclib,3,fit,ACH-000652
palbociclib,3,fit,ACH-000753
palbociclib,3,fit,ACH-000982
palbociclib,3,fit,ACH-000701
palbociclib,3,fit,ACH-000397
palbociclib,3,fit,ACH-001128
palbociclib,3,fit,ACH-000579
palbociclib,3,fit,ACH-000593
palbociclib,3,fit,ACH-000437
palbociclib,3,fit,ACH-000087
palbociclib,3,fit,ACH-000211
palbociclib,3,fit,ACH-000421
palbociclib,3,fit,ACH-000273
palbociclib,3,fit,ACH-000535
palbociclib,3,fit,ACH-000958
palbociclib,3,fit,ACH-000367
palbociclib,3,fit,ACH-000628
palbociclib,3,fit,ACH-000456
palbociclib,3,fit,ACH-000407
palbociclib,3,fit,ACH-000411
palbociclib,3,fit,ACH-000766
palbociclib,3,fit,ACH-000681
palbociclib,3,fit,ACH-000364
palbociclib,3,fit,ACH-000014
palbociclib,3,fit,ACH-000096
palbociclib,3,fit,ACH-000855
palbociclib,3,fit,ACH-000587
palbociclib,3,fit,ACH-000800
palbociclib,3,fit,ACH-000572
palbociclib,3,fit,ACH-000994
palbociclib,3,fit,ACH-000866
palbociclib,3,fit,ACH-000771
palbociclib,3,fit,ACH-000537
palbociclib,3,fit,ACH-000880
palbociclib,3,fit,ACH-000097
palbociclib,3,fit,ACH-000132
palbociclib,3,fit,ACH-000735
palbociclib,3,fit,ACH-000281
palbociclib,3,fit,ACH-000552
palbociclib,3,fit,ACH-000796
palbociclib,3,fit,ACH-000237
palbociclib,3,fit,ACH-000484
palbociclib,3,fit,ACH-001075
palbociclib,3,fit,ACH-000792
palbociclib,3,fit,ACH-000147
palbociclib,3,fit,ACH-000021
palbociclib,3,fit,ACH-000415
palbociclib,3,fit,ACH-000099
palbociclib,3,fit,ACH-000188
palbociclib,3,fit,ACH-000502
palbociclib,3,fit,ACH-000133
palbociclib,3,fit,ACH-000427
palbociclib,3,fit,ACH-000614
palbociclib,3,fit,ACH-000335
palbociclib,3,fit,ACH-000966
palbociclib,3,fit,ACH-000978
palbociclib,3,fit,ACH-000996
palbociclib,3,fit,ACH-000463
palbociclib,3,fit,ACH-000810
palbociclib,3,fit,ACH-000849
palbociclib,3,fit,ACH-000223
palbociclib,3,fit,ACH-000352
palbociclib,3,fit,ACH-000222
palbociclib,3,fit,ACH-000545
palbociclib,3,fit,ACH-000488
palbociclib,3,fit,ACH-000022
palbociclib,3,fit,ACH-000118
palbociclib,3,fit,ACH-000665
palbociclib,3,fit,ACH-000471
palbociclib,3,fit,ACH-000973
palbociclib,3,fit,ACH-000662
palbociclib,3,fit,ACH-000108
palbociclib,3,fit,ACH-000476
palbociclib,3,fit,ACH-000979
palbociclib,3,fit,ACH-000781
palbociclib,3,fit,ACH-000060
palbociclib,3,fit,ACH-000694
palbociclib,3,fit,ACH-000605
palbociclib,3,fit,ACH-000819
palbociclib,3,fit,ACH-000679
palbociclib,3,fit,ACH-000403
palbociclib,3,fit,ACH-000500
palbociclib,3,fit,ACH-000974
palbociclib,3,fit,ACH-000481
palbociclib,3,fit,ACH-000279
palbociclib,3,fit,ACH-000480
palbociclib,3,fit,ACH-000835
palbociclib,3,fit,ACH-000244
palbociclib,3,fit,ACH-000663
palbociclib,3,fit,ACH-000592
palbociclib,3,fit,ACH-000682
palbociclib,3,fit,ACH-000802
palbociclib,3,fit,ACH-000929
palbociclib,3,fit,ACH-000042
palbociclib,3,fit,ACH-000048
palbociclib,3,fit,ACH-000939
palbociclib,3,fit,ACH-000900
palbociclib,3,fit,ACH-000882
palbociclib,3,fit,ACH-000954
palbociclib,3,fit,ACH-000716
palbociclib,3,fit,ACH-000172
palbociclib,3,fit,ACH-000323
palbociclib,3,fit,ACH-000968
palbociclib,3,fit,ACH-000846
palbociclib,3,fit,ACH-000356
palbociclib,3,fit,ACH-000375
palbociclib,3,fit,ACH-000582
palbociclib,3,fit,ACH-000809
palbociclib,3,fit,ACH-000361
palbociclib,3,fit,ACH-000250
palbociclib,3,fit,ACH-000037
palbociclib,3,fit,ACH-000450
palbociclib,3,fit,ACH-000837
palbociclib,3,fit,ACH-000670
palbociclib,3,fit,ACH-000260
palbociclib,3,fit,ACH-000732
palbociclib,3,fit,ACH-000950
palbociclib,3,fit,ACH-000734
palbociclib,3,fit,ACH-000903
palbociclib,3,fit,ACH-000192
palbociclib,3,fit,ACH-000232
palbociclib,3,fit,ACH-000510
palbociclib,3,fit,ACH-000976
palbociclib,3,fit,ACH-000822
palbociclib,3,fit,ACH-000320
palbociclib,3,fit,ACH-000759
palbociclib,3,fit,ACH-000082
palbociclib,3,fit,ACH-000408
palbociclib,3,fit,ACH-000666
palbociclib,3,fit,ACH-000924
palbociclib,3,fit,ACH-000841
palbociclib,3,fit,ACH-000762
palbociclib,3,fit,ACH-000667
palbociclib,3,fit,ACH-000749
palbociclib,3,fit,ACH-000961
palbociclib,3,fit,ACH-000019
palbociclib,3,fit,ACH-001190
palbociclib,3,fit,ACH-000527
palbociclib,3,fit,ACH-000785
palbociclib,3,fit,ACH-000469
palbociclib,3,fit,ACH-000401
palbociclib,3,fit,ACH-000344
palbociclib,3,fit,ACH-000307
palbociclib,3,fit,ACH-000468
palbociclib,3,fit,ACH-000391
palbociclib,3,fit,ACH-000015
palbociclib,3,fit,ACH-000839
palbociclib,3,fit,ACH-000985
palbociclib,3,fit,ACH-000696
palbociclib,3,fit,ACH-000496
palbociclib,3,fit,ACH-000630
palbociclib,3,fit,ACH-000624
palbociclib,3,fit,ACH-000169
palbociclib,3,fit,ACH-000493
palbociclib,3,fit,ACH-000869
palbociclib,3,fit,ACH-000221
palbociclib,3,fit,ACH-000671
palbociclib,3,fit,ACH-000542
palbociclib,3,fit,ACH-000738
palbociclib,3,fit,ACH-000833
palbociclib,3,fit,ACH-000343
palbociclib,3,fit,ACH-000332
palbociclib,3,fit,ACH-000896
palbociclib,3,fit,ACH-000308
palbociclib,3,fit,ACH-000595
palbociclib,3,fit,ACH-000445
palbociclib,3,fit,ACH-000441
palbociclib,3,fit,ACH-000447
palbociclib,3,fit,ACH-000649
palbociclib,3,fit,ACH-000347
palbociclib,3,fit,ACH-000756
palbociclib,3,fit,ACH-000454
palbociclib,3,fit,ACH-000956
palbociclib,3,fit,ACH-000843
palbociclib,3,fit,ACH-000917
palbociclib,3,fit,ACH-000911
palbociclib,3,fit,ACH-000724
palbociclib,3,fit,ACH-000901
palbociclib,3,fit,ACH-000417
palbociclib,3,fit,ACH-000927
palbociclib,3,fit,ACH-000853
palbociclib,3,fit,ACH-000736
palbociclib,3,fit,ACH-000688
palbociclib,3,fit,ACH-000834
palbociclib,3,fit,ACH-000318
palbociclib,3,fit,ACH-001307
palbociclib,3,fit,ACH-000764
palbociclib,3,fit,ACH-000693
palbociclib,3,fit,ACH-000210
palbociclib,3,fit,ACH-000008
palbociclib,3,fit,ACH-000086
palbociclib,3,fit,ACH-000329
palbociclib,3,fit,ACH-000804
palbociclib,3,fit,ACH-000461
palbociclib,3,fit,ACH-000182
palbociclib,3,fit,ACH-000678
palbociclib,3,fit,ACH-000858
palbociclib,3,fit,ACH-000879
palbociclib,3,fit,ACH-000457
palbociclib,3,fit,ACH-000601
palbociclib,3,fit,ACH-000783
palbociclib,3,fit,ACH-000243
palbociclib,3,fit,ACH-000845
palbociclib,3,fit,ACH-001306
palbociclib,3,fit,ACH-000684
palbociclib,3,fit,ACH-000359
palbociclib,3,fit,ACH-000201
palbociclib,3,fit,ACH-000620
palbociclib,3,fit,ACH-000890
palbociclib,3,fit,ACH-000264
palbociclib,3,fit,ACH-000836
palbociclib,3,fit,ACH-000504
palbociclib,3,fit,ACH-000784
palbociclib,3,fit,ACH-000936
palbociclib,3,fit,ACH-000035
palbociclib,3,fit,ACH-000680
palbociclib,3,fit,ACH-000747
palbociclib,3,fit,ACH-000433
palbociclib,3,fit,ACH-000521
palbociclib,3,fit,ACH-000046
palbociclib,3,fit,ACH-000955
palbociclib,3,calibration,ACH-000189
palbociclib,3,calibration,ACH-000674
palbociclib,3,calibration,ACH-000948
palbociclib,3,calibration,ACH-000331
palbociclib,3,calibration,ACH-000788
palbociclib,3,calibration,ACH-000840
palbociclib,3,calibration,ACH-000516
palbociclib,3,calibration,ACH-000632
palbociclib,3,calibration,ACH-000302
palbociclib,3,calibration,ACH-000669
palbociclib,3,calibration,ACH-000805
palbociclib,3,calibration,ACH-000159
palbociclib,3,calibration,ACH-000648
palbociclib,3,calibration,ACH-000947
palbociclib,3,calibration,ACH-000643
palbociclib,3,calibration,ACH-000719
palbociclib,3,calibration,ACH-000618
palbociclib,3,calibration,ACH-000312
palbociclib,3,calibration,ACH-000814
palbociclib,3,calibration,ACH-000123
palbociclib,3,calibration,ACH-000730
palbociclib,3,calibration,ACH-000444
palbociclib,3,calibration,ACH-000395
palbociclib,3,calibration,ACH-000965
palbociclib,3,calibration,ACH-000505
palbociclib,3,calibration,ACH-000832
palbociclib,3,calibration,ACH-000721
palbociclib,3,calibration,ACH-000319
palbociclib,3,calibration,ACH-000768
palbociclib,3,calibration,ACH-000811
palbociclib,3,calibration,ACH-000265
palbociclib,3,calibration,ACH-000054
palbociclib,3,calibration,ACH-000769
palbociclib,3,calibration,ACH-000013
palbociclib,3,calibration,ACH-000661
palbociclib,3,calibration,ACH-000092
palbociclib,3,calibration,ACH-000164
palbociclib,3,calibration,ACH-000959
palbociclib,3,calibration,ACH-000368
palbociclib,3,calibration,ACH-000878
palbociclib,3,calibration,ACH-000627
palbociclib,3,calibration,ACH-000919
palbociclib,3,calibration,ACH-000848
palbociclib,3,calibration,ACH-000750
palbociclib,3,calibration,ACH-000235
palbociclib,3,calibration,ACH-000997
palbociclib,3,calibration,ACH-000155
palbociclib,3,calibration,ACH-000945
palbociclib,3,calibration,ACH-000778
palbociclib,3,calibration,ACH-000416
palbociclib,3,calibration,ACH-000390
palbociclib,3,calibration,ACH-000826
palbociclib,3,calibration,ACH-000957
palbociclib,3,calibration,ACH-000622
palbociclib,3,calibration,ACH-000477
palbociclib,3,calibration,ACH-000228
palbociclib,3,calibration,ACH-001318
palbociclib,3,calibration,ACH-000524
palbociclib,3,calibration,ACH-000544
palbociclib,3,calibration,ACH-000261
palbociclib,3,test,ACH-000528
palbociclib,3,test,ACH-000351
palbociclib,3,test,ACH-000313
palbociclib,3,test,ACH-000383
palbociclib,3,test,ACH-000856
palbociclib,3,test,ACH-000376
palbociclib,3,test,ACH-000322
palbociclib,3,test,ACH-000946
palbociclib,3,test,ACH-000098
palbociclib,3,test,ACH-000971
palbociclib,3,test,ACH-000429
palbociclib,3,test,ACH-000012
palbociclib,3,test,ACH-000231
palbociclib,3,test,ACH-000943
palbociclib,3,test,ACH-000153
palbociclib,3,test,ACH-000324
palbociclib,3,test,ACH-000898
palbociclib,3,test,ACH-000517
palbociclib,3,test,ACH-000163
palbociclib,3,test,ACH-000532
palbociclib,3,test,ACH-000374
palbociclib,3,test,ACH-000040
palbociclib,3,test,ACH-000713
palbociclib,3,test,ACH-000420
palbociclib,3,test,ACH-000486
palbociclib,3,test,ACH-000479
palbociclib,3,test,ACH-000270
palbociclib,3,test,ACH-000637
palbociclib,3,test,ACH-000389
palbociclib,3,test,ACH-000393
palbociclib,3,test,ACH-000988
palbociclib,3,test,ACH-000007
palbociclib,3,test,ACH-000277
palbociclib,3,test,ACH-001239
palbociclib,3,test,ACH-000803
palbociclib,3,test,ACH-000090
palbociclib,3,test,ACH-000018
palbociclib,3,test,ACH-000589
palbociclib,3,test,ACH-000142
palbociclib,3,test,ACH-000278
palbociclib,3,test,ACH-000573
palbociclib,3,test,ACH-000852
palbociclib,3,test,ACH-000011
palbociclib,3,test,ACH-000141
palbociclib,3,test,ACH-000921
palbociclib,3,test,ACH-000647
palbociclib,3,test,ACH-000913
palbociclib,3,test,ACH-000292
palbociclib,3,test,ACH-000137
palbociclib,3,test,ACH-000881
palbociclib,3,test,ACH-000899
palbociclib,3,test,ACH-000651
palbociclib,3,test,ACH-000473
palbociclib,3,test,ACH-000280
palbociclib,3,test,ACH-000191
palbociclib,3,test,ACH-000259
palbociclib,3,test,ACH-000720
palbociclib,3,test,ACH-000940
palbociclib,3,test,ACH-000207
palbociclib,3,test,ACH-000062
palbociclib,3,test,ACH-000174
palbociclib,3,test,ACH-000212
palbociclib,3,test,ACH-000776
palbociclib,3,test,ACH-000219
palbociclib,3,test,ACH-000091
palbociclib,3,test,ACH-000777
palbociclib,3,test,ACH-000023
palbociclib,3,test,ACH-000888
palbociclib,3,test,ACH-000030
palbociclib,3,test,ACH-000977
palbociclib,3,test,ACH-000288
palbociclib,3,test,ACH-000791
palbociclib,3,test,ACH-000217
palbociclib,3,test,ACH-000052
palbociclib,4,fit,ACH-000259
palbociclib,4,fit,ACH-000749
palbociclib,4,fit,ACH-000302
palbociclib,4,fit,ACH-000869
palbociclib,4,fit,ACH-000835
palbociclib,4,fit,ACH-000985
palbociclib,4,fit,ACH-000836
palbociclib,4,fit,ACH-000270
palbociclib,4,fit,ACH-000924
palbociclib,4,fit,ACH-000221
palbociclib,4,fit,ACH-000137
palbociclib,4,fit,ACH-000783
palbociclib,4,fit,ACH-000019
palbociclib,4,fit,ACH-000956
palbociclib,4,fit,ACH-000855
palbociclib,4,fit,ACH-000665
palbociclib,4,fit,ACH-000601
palbociclib,4,fit,ACH-000276
palbociclib,4,fit,ACH-001307
palbociclib,4,fit,ACH-000503
palbociclib,4,fit,ACH-000965
palbociclib,4,fit,ACH-000976
palbociclib,4,fit,ACH-000958
palbociclib,4,fit,ACH-000021
palbociclib,4,fit,ACH-000087
palbociclib,4,fit,ACH-000719
palbociclib,4,fit,ACH-000858
palbociclib,4,fit,ACH-000630
palbociclib,4,fit,ACH-000117
palbociclib,4,fit,ACH-000766
palbociclib,4,fit,ACH-000189
palbociclib,4,fit,ACH-000368
palbociclib,4,fit,ACH-000008
palbociclib,4,fit,ACH-000473
palbociclib,4,fit,ACH-000469
palbociclib,4,fit,ACH-000961
palbociclib,4,fit,ACH-000030
palbociclib,4,fit,ACH-000919
palbociclib,4,fit,ACH-000332
palbociclib,4,fit,ACH-000429
palbociclib,4,fit,ACH-000141
palbociclib,4,fit,ACH-000614
palbociclib,4,fit,ACH-000803
palbociclib,4,fit,ACH-000481
palbociclib,4,fit,ACH-000018
palbociclib,4,fit,ACH-000450
palbociclib,4,fit,ACH-000762
palbociclib,4,fit,ACH-000463
palbociclib,4,fit,ACH-000390
palbociclib,4,fit,ACH-000132
palbociclib,4,fit,ACH-000316
palbociclib,4,fit,ACH-000791
palbociclib,4,fit,ACH-000997
palbociclib,4,fit,ACH-000228
palbociclib,4,fit,ACH-000133
palbociclib,4,fit,ACH-000982
palbociclib,4,fit,ACH-000096
palbociclib,4,fit,ACH-000217
palbociclib,4,fit,ACH-000592
palbociclib,4,fit,ACH-000810
palbociclib,4,fit,ACH-000504
palbociclib,4,fit,ACH-000849
palbociclib,4,fit,ACH-000015
palbociclib,4,fit,ACH-000901
palbociclib,4,fit,ACH-000042
palbociclib,4,fit,ACH-000147
palbociclib,4,fit,ACH-000505
palbociclib,4,fit,ACH-000680
palbociclib,4,fit,ACH-001128
palbociclib,4,fit,ACH-000771
palbociclib,4,fit,ACH-000847
palbociclib,4,fit,ACH-000347
palbociclib,4,fit,ACH-000890
palbociclib,4,fit,ACH-000666
palbociclib,4,fit,ACH-000759
palbociclib,4,fit,ACH-000624
palbociclib,4,fit,ACH-000632
palbociclib,4,fit,ACH-000579
palbociclib,4,fit,ACH-000921
palbociclib,4,fit,ACH-000896
palbociclib,4,fit,ACH-000674
palbociclib,4,fit,ACH-000479
palbociclib,4,fit,ACH-000099
palbociclib,4,fit,ACH-000488
palbociclib,4,fit,ACH-000401
palbociclib,4,fit,ACH-000667
palbociclib,4,fit,ACH-000444
palbociclib,4,fit,ACH-000833
palbociclib,4,fit,ACH-000950
palbociclib,4,fit,ACH-000841
palbociclib,4,fit,ACH-000661
palbociclib,4,fit,ACH-000163
palbociclib,4,fit,ACH-000946
palbociclib,4,fit,ACH-000542
palbociclib,4,fit,ACH-000832
palbociclib,4,fit,ACH-000454
palbociclib,4,fit,ACH-000649
palbociclib,4,fit,ACH-000647
palbociclib,4,fit,ACH-000052
palbociclib,4,fit,ACH-000237
palbociclib,4,fit,ACH-000191
palbociclib,4,fit,ACH-000532
palbociclib,4,fit,ACH-000035
palbociclib,4,fit,ACH-000288
palbociclib,4,fit,ACH-000367
palbociclib,4,fit,ACH-000957
palbociclib,4,fit,ACH-000764
palbociclib,4,fit,ACH-000312
palbociclib,4,fit,ACH-000142
palbociclib,4,fit,ACH-000493
palbociclib,4,fit,ACH-000391
palbociclib,4,fit,ACH-000307
palbociclib,4,fit,ACH-000013
palbociclib,4,fit,ACH-000311
palbociclib,4,fit,ACH-000046
palbociclib,4,fit,ACH-000261
palbociclib,4,fit,ACH-000219
palbociclib,4,fit,ACH-000415
palbociclib,4,fit,ACH-000796
palbociclib,4,fit,ACH-000324
palbociclib,4,fit,ACH-000947
palbociclib,4,fit,ACH-000888
palbociclib,4,fit,ACH-000231
palbociclib,4,fit,ACH-000913
palbociclib,4,fit,ACH-000182
palbociclib,4,fit,ACH-000696
palbociclib,4,fit,ACH-000445
palbociclib,4,fit,ACH-000421
palbociclib,4,fit,ACH-000785
palbociclib,4,fit,ACH-000701
palbociclib,4,fit,ACH-000172
palbociclib,4,fit,ACH-000313
palbociclib,4,fit,ACH-000595
palbociclib,4,fit,ACH-000356
palbociclib,4,fit,ACH-000212
palbociclib,4,fit,ACH-000023
palbociclib,4,fit,ACH-000753
palbociclib,4,fit,ACH-000188
palbociclib,4,fit,ACH-000420
palbociclib,4,fit,ACH-000974
palbociclib,4,fit,ACH-000663
palbociclib,4,fit,ACH-000091
palbociclib,4,fit,ACH-000510
palbociclib,4,fit,ACH-000856
palbociclib,4,fit,ACH-000778
palbociclib,4,fit,ACH-000486
palbociclib,4,fit,ACH-000769
palbociclib,4,fit,ACH-000620
palbociclib,4,fit,ACH-000777
palbociclib,4,fit,ACH-000618
palbociclib,4,fit,ACH-000903
palbociclib,4,fit,ACH-000819
palbociclib,4,fit,ACH-000756
palbociclib,4,fit,ACH-000395
palbociclib,4,fit,ACH-000223
palbociclib,4,fit,ACH-000389
palbociclib,4,fit,ACH-000092
palbociclib,4,fit,ACH-000407
palbociclib,4,fit,ACH-000359
palbociclib,4,fit,ACH-000802
palbociclib,4,fit,ACH-000376
palbociclib,4,fit,ACH-000040
palbociclib,4,fit,ACH-000280
palbociclib,4,fit,ACH-000899
palbociclib,4,fit,ACH-000716
palbociclib,4,fit,ACH-000012
palbociclib,4,fit,ACH-000628
palbociclib,4,fit,ACH-000839
palbociclib,4,fit,ACH-000427
palbociclib,4,fit,ACH-000843
palbociclib,4,fit,ACH-000940
palbociclib,4,fit,ACH-000544
palbociclib,4,fit,ACH-000082
palbociclib,4,fit,ACH-000393
palbociclib,4,fit,ACH-000007
palbociclib,4,fit,ACH-000277
palbociclib,4,fit,ACH-000800
palbociclib,4,fit,ACH-000968
palbociclib,4,fit,ACH-000344
palbociclib,4,fit,ACH-000662
palbociclib,4,fit,ACH-000837
palbociclib,4,fit,ACH-000461
palbociclib,4,fit,ACH-000943
palbociclib,4,fit,ACH-000954
palbociclib,4,fit,ACH-000159
palbociclib,4,fit,ACH-000669
palbociclib,4,fit,ACH-000853
palbociclib,4,fit,ACH-001190
palbociclib,4,fit,ACH-000222
palbociclib,4,fit,ACH-000971
palbociclib,4,fit,ACH-000502
palbociclib,4,fit,ACH-000900
palbociclib,4,fit,ACH-000627
palbociclib,4,fit,ACH-000062
palbociclib,4,fit,ACH-000927
palbociclib,4,fit,ACH-000403
palbociclib,4,fit,ACH-000941
palbociclib,4,fit,ACH-000098
palbociclib,4,fit,ACH-000811
palbociclib,4,fit,ACH-000417
palbociclib,4,fit,ACH-000670
palbociclib,4,fit,ACH-000457
palbociclib,4,fit,ACH-000361
palbociclib,4,fit,ACH-000939
palbociclib,4,fit,ACH-000693
palbociclib,4,fit,ACH-000846
palbociclib,4,fit,ACH-000545
palbociclib,4,fit,ACH-000292
palbociclib,4,fit,ACH-000996
palbociclib,4,fit,ACH-000671
palbociclib,4,fit,ACH-000318
palbociclib,4,fit,ACH-000905
palbociclib,4,fit,ACH-000880
palbociclib,4,fit,ACH-000866
palbociclib,4,fit,ACH-000411
palbociclib,4,fit,ACH-001306
palbociclib,4,fit,ACH-000977
palbociclib,4,fit,ACH-000164
palbociclib,4,fit,ACH-000169
palbociclib,4,fit,ACH-000437
palbociclib,4,fit,ACH-000679
palbociclib,4,fit,ACH-000848
palbociclib,4,fit,ACH-000768
palbociclib,4,fit,ACH-001239
palbociclib,4,fit,ACH-000784
palbociclib,4,fit,ACH-000684
palbociclib,4,fit,ACH-000308
palbociclib,4,fit,ACH-000587
palbociclib,4,fit,ACH-000374
palbociclib,4,fit,ACH-000278
palbociclib,4,fit,ACH-000265
palbociclib,4,fit,ACH-000260
palbociclib,4,fit,ACH-000468
palbociclib,4,fit,ACH-000484
palbociclib,4,fit,ACH-000776
palbociclib,4,fit,ACH-000139
palbociclib,4,calibration,ACH-001318
palbociclib,4,calibration,ACH-000528
palbociclib,4,calibration,ACH-000879
palbociclib,4,calibration,ACH-000243
palbociclib,4,calibration,ACH-000281
palbociclib,4,calibration,ACH-000537
palbociclib,4,calibration,ACH-000589
palbociclib,4,calibration,ACH-000605
palbociclib,4,calibration,ACH-000011
palbociclib,4,calibration,ACH-000022
palbociclib,4,calibration,ACH-000086
palbociclib,4,calibration,ACH-000720
palbociclib,4,calibration,ACH-000732
palbociclib,4,calibration,ACH-000730
palbociclib,4,calibration,ACH-000637
palbociclib,4,calibration,ACH-000123
palbociclib,4,calibration,ACH-000351
palbociclib,4,calibration,ACH-000988
palbociclib,4,calibration,ACH-000323
palbociclib,4,calibration,ACH-000973
palbociclib,4,calibration,ACH-000936
palbociclib,4,calibration,ACH-000929
palbociclib,4,calibration,ACH-000516
palbociclib,4,calibration,ACH-000048
palbociclib,4,calibration,ACH-000713
palbociclib,4,calibration,ACH-000456
palbociclib,4,calibration,ACH-000383
palbociclib,4,calibration,ACH-000433
palbociclib,4,calibration,ACH-000804
palbociclib,4,calibration,ACH-000090
palbociclib,4,calibration,ACH-000898
palbociclib,4,calibration,ACH-000335
palbociclib,4,calibration,ACH-000201
palbociclib,4,calibration,ACH-000967
palbociclib,4,calibration,ACH-000781
palbociclib,4,calibration,ACH-000826
palbociclib,4,calibration,ACH-000408
palbociclib,4,calibration,ACH-000945
palbociclib,4,calibration,ACH-000994
palbociclib,4,calibration,ACH-000535
palbociclib,4,calibration,ACH-000527
palbociclib,4,calibration,ACH-000573
palbociclib,4,calibration,ACH-000273
palbociclib,4,calibration,ACH-000153
palbociclib,4,calibration,ACH-000322
palbociclib,4,calibration,ACH-000852
palbociclib,4,calibration,ACH-000593
palbociclib,4,calibration,ACH-000375
palbociclib,4,calibration,ACH-000651
palbociclib,4,calibration,ACH-000652
palbociclib,4,calibration,ACH-000097
palbociclib,4,calibration,ACH-000441
palbociclib,4,calibration,ACH-000118
palbociclib,4,calibration,ACH-000517
palbociclib,4,calibration,ACH-000174
palbociclib,4,calibration,ACH-000911
palbociclib,4,calibration,ACH-000207
palbociclib,4,calibration,ACH-000582
palbociclib,4,calibration,ACH-000881
palbociclib,4,calibration,ACH-000648
palbociclib,4,test,ACH-000792
palbociclib,4,test,ACH-000678
palbociclib,4,test,ACH-000917
palbociclib,4,test,ACH-000552
palbociclib,4,test,ACH-000978
palbociclib,4,test,ACH-000805
palbociclib,4,test,ACH-000331
palbociclib,4,test,ACH-000643
palbociclib,4,test,ACH-000329
palbociclib,4,test,ACH-000814
palbociclib,4,test,ACH-000681
palbociclib,4,test,ACH-000108
palbociclib,4,test,ACH-000758
palbociclib,4,test,ACH-000748
palbociclib,4,test,ACH-000834
palbociclib,4,test,ACH-000736
palbociclib,4,test,ACH-000235
palbociclib,4,test,ACH-000599
palbociclib,4,test,ACH-000250
palbociclib,4,test,ACH-000037
palbociclib,4,test,ACH-000476
palbociclib,4,test,ACH-000955
palbociclib,4,test,ACH-000155
palbociclib,4,test,ACH-000014
palbociclib,4,test,ACH-000397
palbociclib,4,test,ACH-000572
palbociclib,4,test,ACH-000724
palbociclib,4,test,ACH-000735
palbociclib,4,test,ACH-000882
palbociclib,4,test,ACH-000210
palbociclib,4,test,ACH-000688
palbociclib,4,test,ACH-000721
palbociclib,4,test,ACH-000232
palbociclib,4,test,ACH-000264
palbociclib,4,test,ACH-000809
palbociclib,4,test,ACH-000060
palbociclib,4,test,ACH-000694
palbociclib,4,test,ACH-000840
palbociclib,4,test,ACH-000822
palbociclib,4,test,ACH-000279
palbociclib,4,test,ACH-000524
palbociclib,4,test,ACH-000747
palbociclib,4,test,ACH-000734
palbociclib,4,test,ACH-000845
palbociclib,4,test,ACH-000364
palbociclib,4,test,ACH-000979
palbociclib,4,test,ACH-000343
palbociclib,4,test,ACH-000738
palbociclib,4,test,ACH-000915
palbociclib,4,test,ACH-000480
palbociclib,4,test,ACH-000192
palbociclib,4,test,ACH-000054
palbociclib,4,test,ACH-000966
palbociclib,4,test,ACH-000447
palbociclib,4,test,ACH-000319
palbociclib,4,test,ACH-000477
palbociclib,4,test,ACH-000244
palbociclib,4,test,ACH-000352
palbociclib,4,test,ACH-000416
palbociclib,4,test,ACH-000622
palbociclib,4,test,ACH-000948
palbociclib,4,test,ACH-000496
palbociclib,4,test,ACH-000878
palbociclib,4,test,ACH-000827
palbociclib,4,test,ACH-000211
palbociclib,4,test,ACH-000682
palbociclib,4,test,ACH-000521
palbociclib,4,test,ACH-000500
palbociclib,4,test,ACH-000471
palbociclib,4,test,ACH-000959
palbociclib,4,test,ACH-000788
palbociclib,4,test,ACH-001075
palbociclib,4,test,ACH-000320
palbociclib,4,test,ACH-000750
palbociclib,5,fit,ACH-000099
palbociclib,5,fit,ACH-000589
palbociclib,5,fit,ACH-000694
palbociclib,5,fit,ACH-000308
palbociclib,5,fit,ACH-000734
palbociclib,5,fit,ACH-000281
palbociclib,5,fit,ACH-000090
palbociclib,5,fit,ACH-000505
palbociclib,5,fit,ACH-000139
palbociclib,5,fit,ACH-000544
palbociclib,5,fit,ACH-000852
palbociclib,5,fit,ACH-000022
palbociclib,5,fit,ACH-000270
palbociclib,5,fit,ACH-000468
palbociclib,5,fit,ACH-000008
palbociclib,5,fit,ACH-000037
palbociclib,5,fit,ACH-001307
palbociclib,5,fit,ACH-000217
palbociclib,5,fit,ACH-000890
palbociclib,5,fit,ACH-000943
palbociclib,5,fit,ACH-000259
palbociclib,5,fit,ACH-000955
palbociclib,5,fit,ACH-000805
palbociclib,5,fit,ACH-000133
palbociclib,5,fit,ACH-000947
palbociclib,5,fit,ACH-000046
palbociclib,5,fit,ACH-000364
palbociclib,5,fit,ACH-000011
palbociclib,5,fit,ACH-000486
palbociclib,5,fit,ACH-000278
palbociclib,5,fit,ACH-000803
palbociclib,5,fit,ACH-000407
palbociclib,5,fit,ACH-000941
palbociclib,5,fit,ACH-000429
palbociclib,5,fit,ACH-000785
palbociclib,5,fit,ACH-000967
palbociclib,5,fit,ACH-000232
palbociclib,5,fit,ACH-000869
palbociclib,5,fit,ACH-000123
palbociclib,5,fit,ACH-000401
palbociclib,5,fit,ACH-000473
palbociclib,5,fit,ACH-000573
palbociclib,5,fit,ACH-000771
palbociclib,5,fit,ACH-000417
palbociclib,5,fit,ACH-000843
palbociclib,5,fit,ACH-000684
palbociclib,5,fit,ACH-000572
palbociclib,5,fit,ACH-000343
palbociclib,5,fit,ACH-000535
palbociclib,5,fit,ACH-000764
palbociclib,5,fit,ACH-000630
palbociclib,5,fit,ACH-000836
palbociclib,5,fit,ACH-000957
palbociclib,5,fit,ACH-000587
palbociclib,5,fit,ACH-000397
palbociclib,5,fit,ACH-000637
palbociclib,5,fit,ACH-000627
palbociclib,5,fit,ACH-000421
palbociclib,5,fit,ACH-000054
palbociclib,5,fit,ACH-000528
palbociclib,5,fit,ACH-000323
palbociclib,5,fit,ACH-000023
palbociclib,5,fit,ACH-000776
palbociclib,5,fit,ACH-000447
palbociclib,5,fit,ACH-000809
palbociclib,5,fit,ACH-000688
palbociclib,5,fit,ACH-000288
palbociclib,5,fit,ACH-000643
palbociclib,5,fit,ACH-000098
palbociclib,5,fit,ACH-000488
palbociclib,5,fit,ACH-000493
palbociclib,5,fit,ACH-000880
palbociclib,5,fit,ACH-000753
palbociclib,5,fit,ACH-000169
palbociclib,5,fit,ACH-000244
palbociclib,5,fit,ACH-000966
palbociclib,5,fit,ACH-000681
palbociclib,5,fit,ACH-000457
palbociclib,5,fit,ACH-000322
palbociclib,5,fit,ACH-000758
palbociclib,5,fit,ACH-000502
palbociclib,5,fit,ACH-000437
palbociclib,5,fit,ACH-000856
palbociclib,5,fit,ACH-000879
palbociclib,5,fit,ACH-000516
palbociclib,5,fit,ACH-000919
palbociclib,5,fit,ACH-000846
palbociclib,5,fit,ACH-000849
palbociclib,5,fit,ACH-000250
palbociclib,5,fit,ACH-000319
palbociclib,5,fit,ACH-000376
palbociclib,5,fit,ACH-000390
palbociclib,5,fit,ACH-000352
palbociclib,5,fit,ACH-000719
palbociclib,5,fit,ACH-000649
palbociclib,5,fit,ACH-000223
palbociclib,5,fit,ACH-000946
palbociclib,5,fit,ACH-000142
palbociclib,5,fit,ACH-000479
palbociclib,5,fit,ACH-000042
palbociclib,5,fit,ACH-000954
palbociclib,5,fit,ACH-000802
palbociclib,5,fit,ACH-000736
palbociclib,5,fit,ACH-000279
palbociclib,5,fit,ACH-000948
palbociclib,5,fit,ACH-000974
palbociclib,5,fit,ACH-000416
palbociclib,5,fit,ACH-000647
palbociclib,5,fit,ACH-000985
palbociclib,5,fit,ACH-000899
palbociclib,5,fit,ACH-000221
palbociclib,5,fit,ACH-000280
palbociclib,5,fit,ACH-000781
palbociclib,5,fit,ACH-000593
palbociclib,5,fit,ACH-000936
palbociclib,5,fit,ACH-001306
palbociclib,5,fit,ACH-001239
palbociclib,5,fit,ACH-000927
palbociclib,5,fit,ACH-000092
palbociclib,5,fit,ACH-000351
palbociclib,5,fit,ACH-000496
palbociclib,5,fit,ACH-000622
palbociclib,5,fit,ACH-000669
palbociclib,5,fit,ACH-000792
palbociclib,5,fit,ACH-000950
palbociclib,5,fit,ACH-000015
palbociclib,5,fit,ACH-000971
palbociclib,5,fit,ACH-000735
palbociclib,5,fit,ACH-000052
palbociclib,5,fit,ACH-000265
palbociclib,5,fit,ACH-000021
palbociclib,5,fit,ACH-000456
palbociclib,5,fit,ACH-000939
palbociclib,5,fit,ACH-000840
palbociclib,5,fit,ACH-000504
palbociclib,5,fit,ACH-000905
palbociclib,5,fit,ACH-000019
palbociclib,5,fit,ACH-000595
palbociclib,5,fit,ACH-000749
palbociclib,5,fit,ACH-000062
palbociclib,5,fit,ACH-000318
palbociclib,5,fit,ACH-000896
palbociclib,5,fit,ACH-000383
palbociclib,5,fit,ACH-000750
palbociclib,5,fit,ACH-000777
palbociclib,5,fit,ACH-000913
palbociclib,5,fit,ACH-000132
palbociclib,5,fit,ACH-000814
palbociclib,5,fit,ACH-000320
palbociclib,5,fit,ACH-000018
palbociclib,5,fit,ACH-000921
palbociclib,5,fit,ACH-000264
palbociclib,5,fit,ACH-000163
palbociclib,5,fit,ACH-000035
palbociclib,5,fit,ACH-000601
palbociclib,5,fit,ACH-000552
palbociclib,5,fit,ACH-000651
palbociclib,5,fit,ACH-000108
palbociclib,5,fit,ACH-000682
palbociclib,5,fit,ACH-000973
palbociclib,5,fit,ACH-000335
palbociclib,5,fit,ACH-000510
palbociclib,5,fit,ACH-000791
palbociclib,5,fit,ACH-000978
palbociclib,5,fit,ACH-000313
palbociclib,5,fit,ACH-000579
palbociclib,5,fit,ACH-000091
palbociclib,5,fit,ACH-000235
palbociclib,5,fit,ACH-000878
palbociclib,5,fit,ACH-000996
palbociclib,5,fit,ACH-000835
palbociclib,5,fit,ACH-000480
palbociclib,5,fit,ACH-001190
palbociclib,5,fit,ACH-000014
palbociclib,5,fit,ACH-000839
palbociclib,5,fit,ACH-000007
palbociclib,5,fit,ACH-000207
palbociclib,5,fit,ACH-000188
palbociclib,5,fit,ACH-000231
palbociclib,5,fit,ACH-000164
palbociclib,5,fit,ACH-000420
palbociclib,5,fit,ACH-000796
palbociclib,5,fit,ACH-000375
palbociclib,5,fit,ACH-000982
palbociclib,5,fit,ACH-000832
palbociclib,5,fit,ACH-000048
palbociclib,5,fit,ACH-000316
palbociclib,5,fit,ACH-000866
palbociclib,5,fit,ACH-000159
palbociclib,5,fit,ACH-000713
palbociclib,5,fit,ACH-000882
palbociclib,5,fit,ACH-000881
palbociclib,5,fit,ACH-000118
palbociclib,5,fit,ACH-000359
palbociclib,5,fit,ACH-000477
palbociclib,5,fit,ACH-000800
palbociclib,5,fit,ACH-000721
palbociclib,5,fit,ACH-000898
palbociclib,5,fit,ACH-000311
palbociclib,5,fit,ACH-000060
palbociclib,5,fit,ACH-000720
palbociclib,5,fit,ACH-000696
palbociclib,5,fit,ACH-000855
palbociclib,5,fit,ACH-000915
palbociclib,5,fit,ACH-000853
palbociclib,5,fit,ACH-000680
palbociclib,5,fit,ACH-000618
palbociclib,5,fit,ACH-000096
palbociclib,5,fit,ACH-000521
palbociclib,5,fit,ACH-000977
palbociclib,5,fit,ACH-000469
palbociclib,5,fit,ACH-000822
palbociclib,5,fit,ACH-000929
palbociclib,5,fit,ACH-000532
palbociclib,5,fit,ACH-000374
palbociclib,5,fit,ACH-000804
palbociclib,5,fit,ACH-000228
palbociclib,5,fit,ACH-000527
palbociclib,5,fit,ACH-000471
palbociclib,5,fit,ACH-000841
palbociclib,5,fit,ACH-000393
palbociclib,5,fit,ACH-000940
palbociclib,5,fit,ACH-001075
palbociclib,5,fit,ACH-000988
palbociclib,5,fit,ACH-000605
palbociclib,5,fit,ACH-000716
palbociclib,5,fit,ACH-000389
palbociclib,5,fit,ACH-000917
palbociclib,5,fit,ACH-000788
palbociclib,5,fit,ACH-000361
palbociclib,5,fit,ACH-000484
palbociclib,5,fit,ACH-000324
palbociclib,5,fit,ACH-000903
palbociclib,5,fit,ACH-000738
palbociclib,5,fit,ACH-000837
palbociclib,5,fit,ACH-000210
palbociclib,5,calibration,ACH-000517
palbociclib,5,calibration,ACH-000762
palbociclib,5,calibration,ACH-000667
palbociclib,5,calibration,ACH-000827
palbociclib,5,calibration,ACH-000500
palbociclib,5,calibration,ACH-000450
palbociclib,5,calibration,ACH-000212
palbociclib,5,calibration,ACH-000997
palbociclib,5,calibration,ACH-000411
palbociclib,5,calibration,ACH-000454
palbociclib,5,calibration,ACH-000678
palbociclib,5,calibration,ACH-000347
palbociclib,5,calibration,ACH-000476
palbociclib,5,calibration,ACH-000748
palbociclib,5,calibration,ACH-000219
palbociclib,5,calibration,ACH-000141
palbociclib,5,calibration,ACH-000662
palbociclib,5,calibration,ACH-000153
palbociclib,5,calibration,ACH-000040
palbociclib,5,calibration,ACH-000768
palbociclib,5,calibration,ACH-000724
palbociclib,5,calibration,ACH-000395
palbociclib,5,calibration,ACH-000819
palbociclib,5,calibration,ACH-000307
palbociclib,5,calibration,ACH-000277
palbociclib,5,calibration,ACH-000292
palbociclib,5,calibration,ACH-000961
palbociclib,5,calibration,ACH-000599
palbociclib,5,calibration,ACH-000030
palbociclib,5,calibration,ACH-000012
palbociclib,5,calibration,ACH-000888
palbociclib,5,calibration,ACH-000481
palbociclib,5,calibration,ACH-000674
palbociclib,5,calibration,ACH-000784
palbociclib,5,calibration,ACH-000759
palbociclib,5,calibration,ACH-000666
palbociclib,5,calibration,ACH-000367
palbociclib,5,calibration,ACH-000663
palbociclib,5,calibration,ACH-000624
palbociclib,5,calibration,ACH-000211
palbociclib,5,calibration,ACH-000155
palbociclib,5,calibration,ACH-000137
palbociclib,5,calibration,ACH-000979
palbociclib,5,calibration,ACH-000433
palbociclib,5,calibration,ACH-000191
palbociclib,5,calibration,ACH-000524
palbociclib,5,calibration,ACH-000260
palbociclib,5,calibration,ACH-000959
palbociclib,5,calibration,ACH-000845
palbociclib,5,calibration,ACH-000329
palbociclib,5,calibration,ACH-000958
palbociclib,5,calibration,ACH-000192
palbociclib,5,calibration,ACH-000261
palbociclib,5,calibration,ACH-000747
palbociclib,5,calibration,ACH-000331
palbociclib,5,calibration,ACH-000461
palbociclib,5,calibration,ACH-000174
palbociclib,5,calibration,ACH-000834
palbociclib,5,calibration,ACH-000693
palbociclib,5,calibration,ACH-000911
palbociclib,5,test,ACH-000769
palbociclib,5,test,ACH-000117
palbociclib,5,test,ACH-000276
palbociclib,5,test,ACH-000222
palbociclib,5,test,ACH-000344
palbociclib,5,test,ACH-000632
palbociclib,5,test,ACH-000332
palbociclib,5,test,ACH-000368
palbociclib,5,test,ACH-000441
palbociclib,5,test,ACH-000848
palbociclib,5,test,ACH-000847
palbociclib,5,test,ACH-000858
palbociclib,5,test,ACH-000732
palbociclib,5,test,ACH-000945
palbociclib,5,test,ACH-000545
palbociclib,5,test,ACH-000087
palbociclib,5,test,ACH-000391
palbociclib,5,test,ACH-000901
palbociclib,5,test,ACH-000671
palbociclib,5,test,ACH-000503
palbociclib,5,test,ACH-000403
palbociclib,5,test,ACH-000924
palbociclib,5,test,ACH-000273
palbociclib,5,test,ACH-000670
palbociclib,5,test,ACH-000679
palbociclib,5,test,ACH-000415
palbociclib,5,test,ACH-000614
palbociclib,5,test,ACH-000756
palbociclib,5,test,ACH-000237
palbociclib,5,test,ACH-000956
palbociclib,5,test,ACH-000652
palbociclib,5,test,ACH-000665
palbociclib,5,test,ACH-000537
palbociclib,5,test,ACH-000826
palbociclib,5,test,ACH-000648
palbociclib,5,test,ACH-000628
palbociclib,5,test,ACH-000086
palbociclib,5,test,ACH-000243
palbociclib,5,test,ACH-000592
palbociclib,5,test,ACH-000730
palbociclib,5,test,ACH-000661
palbociclib,5,test,ACH-000783
palbociclib,5,test,ACH-000976
palbociclib,5,test,ACH-000302
palbociclib,5,test,ACH-000766
palbociclib,5,test,ACH-000994
palbociclib,5,test,ACH-000810
palbociclib,5,test,ACH-000082
palbociclib,5,test,ACH-000172
palbociclib,5,test,ACH-000201
palbociclib,5,test,ACH-000965
palbociclib,5,test,ACH-000811
palbociclib,5,test,ACH-000189
palbociclib,5,test,ACH-000445
palbociclib,5,test,ACH-000463
palbociclib,5,test,ACH-000147
palbociclib,5,test,ACH-001318
palbociclib,5,test,ACH-000356
palbociclib,5,test,ACH-000182
palbociclib,5,test,ACH-000427
palbociclib,5,test,ACH-000778
palbociclib,5,test,ACH-000620
palbociclib,5,test,ACH-000833
palbociclib,5,test,ACH-000013
palbociclib,5,test,ACH-000312
palbociclib,5,test,ACH-000582
palbociclib,5,test,ACH-000444
palbociclib,5,test,ACH-000097
palbociclib,5,test,ACH-000408
palbociclib,5,test,ACH-000701
palbociclib,5,test,ACH-000542
palbociclib,5,test,ACH-000900
palbociclib,5,test,ACH-000968
palbociclib,5,test,ACH-001128
