drug,threshold,accuracy,balanced_accuracy
trametinib,0.0,0.4827586206896552,0.5
trametinib,0.01,0.4827586206896552,0.5
trametinib,0.02,0.4827586206896552,0.5
trametinib,0.03,0.4827586206896552,0.5
trametinib,0.04,0.4827586206896552,0.5
trametinib,0.05,0.4827586206896552,0.5
trametinib,0.06,0.4827586206896552,0.5
trametinib,0.07,0.4827586206896552,0.5
trametinib,0.08,0.4827586206896552,0.5
trametinib,0.09,0.4827586206896552,0.5
trametinib,0.1,0.4827586206896552,0.5
trametinib,0.11,0.4827586206896552,0.5
trametinib,0.12,0.4827586206896552,0.5
trametinib,0.13,0.4827586206896552,0.5
trametinib,0.14,0.4827586206896552,0.5
trametinib,0.15,0.4827586206896552,0.5
trametinib,0.16,0.4827586206896552,0.5
trametinib,0.17,0.4827586206896552,0.5
trametinib,0.18,0.4827586206896552,0.5
trametinib,0.19,0.4827586206896552,0.5
trametinib,0.2,0.4827586206896552,0.5
trametinib,0.21,0.4827586206896552,0.5
trametinib,0.22,0.4827586206896552,0.5
trametinib,0.23,0.4827586206896552,0.5
trametinib,0.24,0.4827586206896552,0.5
trametinib,0.25,0.4827586206896552,0.5
trametinib,0.26,0.4827586206896552,0.5
trametinib,0.27,0.4827586206896552,0.5
trametinib,0.28,0.4827586206896552,0.5
trametinib,0.29,0.4827586206896552,0.5
trametinib,0.3,0.4827586206896552,0.5
trametinib,0.31,0.4827586206896552,0.5
trametinib,0.32,0.5862068965517241,0.6
trametinib,0.33,0.5517241379310345,0.5642857142857143
trametinib,0.34,0.5172413793103449,0.5285714285714286
trametinib,0.35000000000000003,0.5862068965517241,0.5952380952380952
trametinib,0.36,0.6206896551724138,0.6285714285714286
trametinib,0.37,0.6206896551724138,0.6285714285714286
trametinib,0.38,0.6206896551724138,0.6285714285714286
trametinib,0.39,0.6206896551724138,0.6285714285714286
trametinib,0.4,0.5862068965517241,0.5928571428571429
trametinib,0.41000000000000003,0.6206896551724138,0.6261904761904762
trametinib,0.42,0.6206896551724138,0.6261904761904762
trametinib,0.43,0.6206896551724138,0.6261904761904762
trametinib,0.44,0.6206896551724138,0.6261904761904762
trametinib,0.45,0.6206896551724138,0.6261904761904762
trametinib,0.46,0.6206896551724138,0.6261904761904762
trametinib,0.47000000000000003,0.6206896551724138,0.6261904761904762
trametinib,0.48,0.5862068965517241,0.5904761904761905
trametinib,0.49,0.6551724137931034,0.6571428571428571
trametinib,0.5,0.6896551724137931,0.6904761904761905
trametinib,0.51,0.6896551724137931,0.6904761904761905
trametinib,0.52,0.7241379310344828,0.7238095238095238
trametinib,0.53,0.7586206896551724,0.7571428571428571
trametinib,0.54,0.7586206896551724,0.7571428571428571
trametinib,0.55,0.7586206896551724,0.7571428571428571
trametinib,0.56,0.7586206896551724,0.7571428571428571
trametinib,0.5700000000000001,0.7586206896551724,0.7571428571428571
trametinib,0.58,0.7931034482758621,0.7904761904761906
trametinib,0.59,0.7931034482758621,0.7904761904761906
trametinib,0.6,0.7931034482758621,0.7904761904761906
trametinib,0.61,0.7931034482758621,0.7904761904761906
trametinib,0.62,0.7931034482758621,0.7904761904761906
trametinib,0.63,0.7931034482758621,0.7904761904761906
trametinib,0.64,0.7586206896551724,0.7547619047619047
trametinib,0.65,0.8275862068965517,0.8214285714285714
trametinib,0.66,0.7931034482758621,0.7857142857142857
trametinib,0.67,0.6206896551724138,0.6071428571428571
trametinib,0.68,0.5517241379310345,0.5357142857142857
trametinib,0.6900000000000001,0.5172413793103449,0.5
trametinib,0.7000000000000001,0.5172413793103449,0.5
trametinib,0.71,0.5172413793103449,0.5
trametinib,0.72,0.5172413793103449,0.5
trametinib,0.73,0.5172413793103449,0.5
trametinib,0.74,0.5172413793103449,0.5
trametinib,0.75,0.5172413793103449,0.5
trametinib,0.76,0.5172413793103449,0.5
trametinib,0.77,0.5172413793103449,0.5
trametinib,0.78,0.5172413793103449,0.5
trametinib,0.79,0.5172413793103449,0.5
trametinib,0.8,0.5172413793103449,0.5
trametinib,0.81,0.5172413793103449,0.5
trametinib,0.8200000000000001,0.5172413793103449,0.5
trametinib,0.8300000000000001,0.5172413793103449,0.5
trametinib,0.84,0.5172413793103449,0.5
trametinib,0.85,0.5172413793103449,0.5
trametinib,0.86,0.5172413793103449,0.5
trametinib,0.87,0.5172413793103449,0.5
trametinib,0.88,0.5172413793103449,0.5
trametinib,0.89,0.5172413793103449,0.5
trametinib,0.9,0.5172413793103449,0.5
trametinib,0.91,0.5172413793103449,0.5
trametinib,0.92,0.5172413793103449,0.5
trametinib,0.93,0.5172413793103449,0.5
trametinib,0.9400000000000001,0.5172413793103449,0.5
trametinib,0.9500000000000001,0.5172413793103449,0.5
trametinib,0.96,0.5172413793103449,0.5
trametinib,0.97,0.5172413793103449,0.5
trametinib,0.98,0.5172413793103449,0.5
trametinib,0.99,0.5172413793103449,0.5
trametinib,1.0,0.5172413793103449,0.5
afatinib,0.0,0.5,0.5
afatinib,0.01,0.5,0.5
afatinib,0.02,0.5,0.5
afatinib,0.03,0.5,0.5
afatinib,0.04,0.5,0.5
afatinib,0.05,0.5,0.5
afatinib,0.06,0.5,0.5
afatinib,0.07,0.5,0.5
afatinib,0.08,0.5,0.5
afatinib,0.09,0.5,0.5
afatinib,0.1,0.5,0.5
afatinib,0.11,0.5,0.5
afatinib,0.12,0.5,0.5
afatinib,0.13,0.5,0.5
afatinib,0.14,0.5,0.5
afatinib,0.15,0.5,0.5
afatinib,0.16,0.5,0.5
afatinib,0.17,0.5,0.5
afatinib,0.18,0.5,0.5
afatinib,0.19,0.5,0.5
afatinib,0.2,0.5,0.5
afatinib,0.21,0.5,0.5
afatinib,0.22,0.5,0.5
afatinib,0.23,0.5,0.5
afatinib,0.24,0.5,0.5
afatinib,0.25,0.5,0.5
afatinib,0.26,0.5,0.5
afatinib,0.27,0.5,0.5
afatinib,0.28,0.5,0.5
afatinib,0.29,0.5,0.5
afatinib,0.3,0.5,0.5
afatinib,0.31,0.6428571428571429,0.6428571428571428
afatinib,0.32,0.75,0.75
afatinib,0.33,0.7857142857142857,0.7857142857142857
afatinib,0.34,0.8214285714285714,0.8214285714285714
afatinib,0.35000000000000003,0.8571428571428571,0.8571428571428572
afatinib,0.36,0.8928571428571429,0.8928571428571428
afatinib,0.37,0.8928571428571429,0.8928571428571428
afatinib,0.38,0.8928571428571429,0.8928571428571428
afatinib,0.39,0.8928571428571429,0.8928571428571428
afatinib,0.4,0.8928571428571429,0.8928571428571428
afatinib,0.41000000000000003,0.9285714285714286,0.9285714285714286
afatinib,0.42,0.9285714285714286,0.9285714285714286
afatinib,0.43,0.9285714285714286,0.9285714285714286
afatinib,0.44,0.9285714285714286,0.9285714285714286
afatinib,0.45,0.9285714285714286,0.9285714285714286
afatinib,0.46,0.9285714285714286,0.9285714285714286
afatinib,0.47000000000000003,0.9285714285714286,0.9285714285714286
afatinib,0.48,0.9285714285714286,0.9285714285714286
afatinib,0.49,0.9285714285714286,0.9285714285714286
afatinib,0.5,0.9285714285714286,0.9285714285714286
afatinib,0.51,0.9285714285714286,0.9285714285714286
afatinib,0.52,0.9285714285714286,0.9285714285714286
afatinib,0.53,0.8928571428571429,0.8928571428571428
afatinib,0.54,0.8928571428571429,0.8928571428571428
afatinib,0.55,0.8571428571428571,0.8571428571428571
afatinib,0.56,0.8214285714285714,0.8214285714285714
afatinib,0.5700000000000001,0.8214285714285714,0.8214285714285714
afatinib,0.58,0.8214285714285714,0.8214285714285714
afatinib,0.59,0.8214285714285714,0.8214285714285714
afatinib,0.6,0.8214285714285714,0.8214285714285714
afatinib,0.61,0.75,0.75
afatinib,0.62,0.6428571428571429,0.6428571428571428
afatinib,0.63,0.5357142857142857,0.5357142857142857
afatinib,0.64,0.5357142857142857,0.5357142857142857
afatinib,0.65,0.5,0.5
afatinib,0.66,0.5,0.5
afatinib,0.67,0.5,0.5
afatinib,0.68,0.5,0.5
afatinib,0.6900000000000001,0.5,0.5
afatinib,0.7000000000000001,0.5,0.5
afatinib,0.71,0.5,0.5
afatinib,0.72,0.5,0.5
afatinib,0.73,0.5,0.5
afatinib,0.74,0.5,0.5
afatinib,0.75,0.5,0.5
afatinib,0.76,0.5,0.5
afatinib,0.77,0.5,0.5
afatinib,0.78,0.5,0.5
afatinib,0.79,0.5,0.5
afatinib,0.8,0.5,0.5
afatinib,0.81,0.5,0.5
afatinib,0.8200000000000001,0.5,0.5
afatinib,0.8300000000000001,0.5,0.5
afatinib,0.84,0.5,0.5
afatinib,0.85,0.5,0.5
afatinib,0.86,0.5,0.5
afatinib,0.87,0.5,0.5
afatinib,0.88,0.5,0.5
afatinib,0.89,0.5,0.5
afatinib,0.9,0.5,0.5
afatinib,0.91,0.5,0.5
afatinib,0.92,0.5,0.5
afatinib,0.93,0.5,0.5
afatinib,0.9400000000000001,0.5,0.5
afatinib,0.9500000000000001,0.5,0.5
afatinib,0.96,0.5,0.5
afatinib,0.97,0.5,0.5
afatinib,0.98,0.5,0.5
afatinib,0.99,0.5,0.5
afatinib,1.0,0.5,0.5
palbociclib,0.0,0.4375,0.5
palbociclib,0.01,0.4375,0.5
palbociclib,0.02,0.4375,0.5
palbociclib,0.03,0.4375,0.5
palbociclib,0.04,0.4375,0.5
palbociclib,0.05,0.4375,0.5
palbociclib,0.06,0.4375,0.5
palbociclib,0.07,0.4375,0.5
palbociclib,0.08,0.4375,0.5
palbociclib,0.09,0.4375,0.5
palbociclib,0.1,0.4375,0.5
palbociclib,0.11,0.4375,0.5
palbociclib,0.12,0.4375,0.5
palbociclib,0.13,0.4375,0.5
palbociclib,0.14,0.4375,0.5
palbociclib,0.15,0.4375,0.5
palbociclib,0.16,0.4375,0.5
palbociclib,0.17,0.4375,0.5
palbociclib,0.18,0.4375,0.5
palbociclib,0.19,0.4375,0.5
palbociclib,0.2,0.4375,0.5
palbociclib,0.21,0.4375,0.5
palbociclib,0.22,0.4375,0.5
palbociclib,0.23,0.4375,0.5
palbociclib,0.24,0.4375,0.5
palbociclib,0.25,0.4375,0.5
palbociclib,0.26,0.4375,0.5
palbociclib,0.27,0.4375,0.5
palbociclib,0.28,0.4375,0.5
palbociclib,0.29,0.4375,0.5
palbociclib,0.3,0.4375,0.5
palbociclib,0.31,0.4375,0.5
palbociclib,0.32,0.4375,0.5
palbociclib,0.33,0.4375,0.5
palbociclib,0.34,0.4375,0.5
palbociclib,0.35000000000000003,0.4375,0.5
palbociclib,0.36,0.4375,0.5
palbociclib,0.37,0.46875,0.5277777777777778
palbociclib,0.38,0.53125,0.5833333333333334
palbociclib,0.39,0.53125,0.5833333333333334
palbociclib,0.4,0.53125,0.5833333333333334
palbociclib,0.41000000000000003,0.53125,0.5833333333333334
palbociclib,0.42,0.625,0.6666666666666666
palbociclib,0.43,0.625,0.6666666666666666
palbociclib,0.44,0.625,0.6587301587301587
palbociclib,0.45,0.6875,0.7142857142857143
palbociclib,0.46,0.65625,0.6785714285714286
palbociclib,0.47000000000000003,0.65625,0.6785714285714286
palbociclib,0.48,0.6875,0.7063492063492063
palbociclib,0.49,0.6875,0.7063492063492063
palbociclib,0.5,0.65625,0.6706349206349207
palbociclib,0.51,0.6875,0.6984126984126984
palbociclib,0.52,0.6875,0.6984126984126984
palbociclib,0.53,0.75,0.753968253968254
palbociclib,0.54,0.65625,0.6468253968253967
palbociclib,0.55,0.625,0.6111111111111112
palbociclib,0.56,0.59375,0.5674603174603174
palbociclib,0.5700000000000001,0.65625,0.623015873015873
palbociclib,0.58,0.65625,0.623015873015873
palbociclib,0.59,0.65625,0.623015873015873
palbociclib,0.6,0.625,0.5873015873015872
palbociclib,0.61,0.625,0.5873015873015872
palbociclib,0.62,0.59375,0.5515873015873015
palbociclib,0.63,0.625,0.5714285714285714
palbociclib,0.64,0.59375,0.5357142857142857
palbociclib,0.65,0.59375,0.5357142857142857
palbociclib,0.66,0.5625,0.5
palbociclib,0.67,0.5625,0.5
palbociclib,0.68,0.5625,0.5
palbociclib,0.6900000000000001,0.5625,0.5
palbociclib,0.7000000000000001,0.5625,0.5
palbociclib,0.71,0.5625,0.5
palbociclib,0.72,0.5625,0.5
palbociclib,0.73,0.5625,0.5
palbociclib,0.74,0.5625,0.5
palbociclib,0.75,0.5625,0.5
palbociclib,0.76,0.5625,0.5
palbociclib,0.77,0.5625,0.5
palbociclib,0.78,0.5625,0.5
palbociclib,0.79,0.5625,0.5
palbociclib,0.8,0.5625,0.5
palbociclib,0.81,0.5625,0.5
palbociclib,0.8200000000000001,0.5625,0.5
palbociclib,0.8300000000000001,0.5625,0.5
palbociclib,0.84,0.5625,0.5
palbociclib,0.85,0.5625,0.5
palbociclib,0.86,0.5625,0.5
palbociclib,0.87,0.5625,0.5
palbociclib,0.88,0.5625,0.5
palbociclib,0.89,0.5625,0.5
palbociclib,0.9,0.5625,0.5
palbociclib,0.91,0.5625,0.5
palbociclib,0.92,0.5625,0.5
palbociclib,0.93,0.5625,0.5
palbociclib,0.9400000000000001,0.5625,0.5
palbociclib,0.9500000000000001,0.5625,0.5
palbociclib,0.96,0.5625,0.5
palbociclib,0.97,0.5625,0.5
palbociclib,0.98,0.5625,0.5
palbociclib,0.99,0.5625,0.5
palbociclib,1.0,0.5625,0.5
olaparib,0.0,0.4827586206896552,0.5
olaparib,0.01,0.4827586206896552,0.5
olaparib,0.02,0.4827586206896552,0.5
olaparib,0.03,0.4827586206896552,0.5
olaparib,0.04,0.4827586206896552,0.5
olaparib,0.05,0.4827586206896552,0.5
olaparib,0.06,0.4827586206896552,0.5
olaparib,0.07,0.4827586206896552,0.5
olaparib,0.08,0.4827586206896552,0.5
olaparib,0.09,0.4827586206896552,0.5
olaparib,0.1,0.4827586206896552,0.5
olaparib,0.11,0.4827586206896552,0.5
olaparib,0.12,0.4827586206896552,0.5
olaparib,0.13,0.4827586206896552,0.5
olaparib,0.14,0.4827586206896552,0.5
olaparib,0.15,0.4827586206896552,0.5
olaparib,0.16,0.4827586206896552,0.5
olaparib,0.17,0.4827586206896552,0.5
olaparib,0.18,0.4827586206896552,0.5
olaparib,0.19,0.4827586206896552,0.5
olaparib,0.2,0.4827586206896552,0.5
olaparib,0.21,0.4827586206896552,0.5
olaparib,0.22,0.4827586206896552,0.5
olaparib,0.23,0.4827586206896552,0.5
olaparib,0.24,0.4827586206896552,0.5
olaparib,0.25,0.4827586206896552,0.5
olaparib,0.26,0.4827586206896552,0.5
olaparib,0.27,0.4827586206896552,0.5
olaparib,0.28,0.4827586206896552,0.5
olaparib,0.29,0.4827586206896552,0.5
olaparib,0.3,0.4827586206896552,0.5
olaparib,0.31,0.4827586206896552,0.5
olaparib,0.32,0.4827586206896552,0.5
olaparib,0.33,0.4827586206896552,0.5
olaparib,0.34,0.4827586206896552,0.5
olaparib,0.35000000000000003,0.4827586206896552,0.5
olaparib,0.36,0.4827586206896552,0.5
olaparib,0.37,0.4827586206896552,0.5
olaparib,0.38,0.4827586206896552,0.5
olaparib,0.39,0.4827586206896552,0.5
olaparib,0.4,0.4827586206896552,0.5
olaparib,0.41000000000000003,0.4827586206896552,0.5
olaparib,0.42,0.4827586206896552,0.5
olaparib,0.43,0.4827586206896552,0.5
olaparib,0.44,0.4827586206896552,0.4976190476190476
olaparib,0.45,0.4827586206896552,0.4952380952380952
olaparib,0.46,0.4482758620689655,0.4571428571428572
olaparib,0.47000000000000003,0.4827586206896552,0.4904761904761905
olaparib,0.48,0.5172413793103449,0.5214285714285715
olaparib,0.49,0.6206896551724138,0.6214285714285714
olaparib,0.5,0.5862068965517241,0.5833333333333333
olaparib,0.51,0.5517241379310345,0.5452380952380952
olaparib,0.52,0.5517241379310345,0.5428571428571429
olaparib,0.53,0.5862068965517241,0.5761904761904761
olaparib,0.54,0.6206896551724138,0.6095238095238096
olaparib,0.55,0.6206896551724138,0.6095238095238096
olaparib,0.56,0.6206896551724138,0.6095238095238096
olaparib,0.5700000000000001,0.6206896551724138,0.6071428571428571
olaparib,0.58,0.5517241379310345,0.5357142857142857
olaparib,0.59,0.5172413793103449,0.5
olaparib,0.6,0.5172413793103449,0.5
olaparib,0.61,0.5172413793103449,0.5
olaparib,0.62,0.5172413793103449,0.5
olaparib,0.63,0.5172413793103449,0.5
olaparib,0.64,0.5172413793103449,0.5
olaparib,0.65,0.5172413793103449,0.5
olaparib,0.66,0.5172413793103449,0.5
olaparib,0.67,0.5172413793103449,0.5
olaparib,0.68,0.5172413793103449,0.5
olaparib,0.6900000000000001,0.5172413793103449,0.5
olaparib,0.7000000000000001,0.5172413793103449,0.5
olaparib,0.71,0.5172413793103449,0.5
olaparib,0.72,0.5172413793103449,0.5
olaparib,0.73,0.5172413793103449,0.5
olaparib,0.74,0.5172413793103449,0.5
olaparib,0.75,0.5172413793103449,0.5
olaparib,0.76,0.5172413793103449,0.5
olaparib,0.77,0.5172413793103449,0.5
olaparib,0.78,0.5172413793103449,0.5
olaparib,0.79,0.5172413793103449,0.5
olaparib,0.8,0.5172413793103449,0.5
olaparib,0.81,0.5172413793103449,0.5
olaparib,0.8200000000000001,0.5172413793103449,0.5
olaparib,0.8300000000000001,0.5172413793103449,0.5
olaparib,0.84,0.5172413793103449,0.5
olaparib,0.85,0.5172413793103449,0.5
olaparib,0.86,0.5172413793103449,0.5
olaparib,0.87,0.5172413793103449,0.5
olaparib,0.88,0.5172413793103449,0.5
olaparib,0.89,0.5172413793103449,0.5
olaparib,0.9,0.5172413793103449,0.5
olaparib,0.91,0.5172413793103449,0.5
olaparib,0.92,0.5172413793103449,0.5
olaparib,0.93,0.5172413793103449,0.5
olaparib,0.9400000000000001,0.5172413793103449,0.5
olaparib,0.9500000000000001,0.5172413793103449,0.5
olaparib,0.96,0.5172413793103449,0.5
olaparib,0.97,0.5172413793103449,0.5
olaparib,0.98,0.5172413793103449,0.5
olaparib,0.99,0.5172413793103449,0.5
olaparib,1.0,0.5172413793103449,0.5
gemcitabine,0.0,0.5217391304347826,0.5
gemcitabine,0.01,0.5217391304347826,0.5
gemcitabine,0.02,0.5217391304347826,0.5
gemcitabine,0.03,0.5217391304347826,0.5
gemcitabine,0.04,0.5217391304347826,0.5
gemcitabine,0.05,0.5217391304347826,0.5
gemcitabine,0.06,0.5217391304347826,0.5
gemcitabine,0.07,0.5217391304347826,0.5
gemcitabine,0.08,0.5217391304347826,0.5
gemcitabine,0.09,0.5217391304347826,0.5
gemcitabine,0.1,0.5217391304347826,0.5
gemcitabine,0.11,0.5217391304347826,0.5
gemcitabine,0.12,0.5217391304347826,0.5
gemcitabine,0.13,0.5217391304347826,0.5
gemcitabine,0.14,0.5217391304347826,0.5
gemcitabine,0.15,0.5217391304347826,0.5
gemcitabine,0.16,0.5217391304347826,0.5
gemcitabine,0.17,0.5217391304347826,0.5
gemcitabine,0.18,0.5217391304347826,0.5
gemcitabine,0.19,0.5217391304347826,0.5
gemcitabine,0.2,0.5217391304347826,0.5
gemcitabine,0.21,0.5217391304347826,0.5
gemcitabine,0.22,0.5217391304347826,0.5
gemcitabine,0.23,0.5217391304347826,0.5
gemcitabine,0.24,0.5217391304347826,0.5
gemcitabine,0.25,0.5217391304347826,0.5
gemcitabine,0.26,0.5217391304347826,0.5
gemcitabine,0.27,0.5217391304347826,0.5
gemcitabine,0.28,0.5217391304347826,0.5
gemcitabine,0.29,0.5217391304347826,0.5
gemcitabine,0.3,0.5217391304347826,0.5
gemcitabine,0.31,0.5217391304347826,0.5
gemcitabine,0.32,0.5217391304347826,0.5
gemcitabine,0.33,0.5217391304347826,0.5
gemcitabine,0.34,0.5217391304347826,0.5
gemcitabine,0.35000000000000003,0.5217391304347826,0.5
gemcitabine,0.36,0.5217391304347826,0.5
gemcitabine,0.37,0.5217391304347826,0.5
gemcitabine,0.38,0.5217391304347826,0.5
gemcitabine,0.39,0.5217391304347826,0.5
gemcitabine,0.4,0.5217391304347826,0.5
gemcitabine,0.41000000000000003,0.5217391304347826,0.5
gemcitabine,0.42,0.5217391304347826,0.5
gemcitabine,0.43,0.5217391304347826,0.5
gemcitabine,0.44,0.5217391304347826,0.5
gemcitabine,0.45,0.5217391304347826,0.5
gemcitabine,0.46,0.5217391304347826,0.5
gemcitabine,0.47000000000000003,0.5217391304347826,0.5
gemcitabine,0.48,0.5217391304347826,0.5
gemcitabine,0.49,0.6086956521739131,0.5909090909090909
gemcitabine,0.5,0.5652173913043478,0.5606060606060606
gemcitabine,0.51,0.6086956521739131,0.6212121212121212
gemcitabine,0.52,0.4782608695652174,0.5
gemcitabine,0.53,0.4782608695652174,0.5
gemcitabine,0.54,0.4782608695652174,0.5
gemcitabine,0.55,0.4782608695652174,0.5
gemcitabine,0.56,0.4782608695652174,0.5
gemcitabine,0.5700000000000001,0.4782608695652174,0.5
gemcitabine,0.58,0.4782608695652174,0.5
gemcitabine,0.59,0.4782608695652174,0.5
gemcitabine,0.6,0.4782608695652174,0.5
gemcitabine,0.61,0.4782608695652174,0.5
gemcitabine,0.62,0.4782608695652174,0.5
gemcitabine,0.63,0.4782608695652174,0.5
gemcitabine,0.64,0.4782608695652174,0.5
gemcitabine,0.65,0.4782608695652174,0.5
gemcitabine,0.66,0.4782608695652174,0.5
gemcitabine,0.67,0.4782608695652174,0.5
gemcitabine,0.68,0.4782608695652174,0.5
gemcitabine,0.6900000000000001,0.4782608695652174,0.5
gemcitabine,0.7000000000000001,0.4782608695652174,0.5
gemcitabine,0.71,0.4782608695652174,0.5
gemcitabine,0.72,0.4782608695652174,0.5
gemcitabine,0.73,0.4782608695652174,0.5
gemcitabine,0.74,0.4782608695652174,0.5
gemcitabine,0.75,0.4782608695652174,0.5
gemcitabine,0.76,0.4782608695652174,0.5
gemcitabine,0.77,0.4782608695652174,0.5
gemcitabine,0.78,0.4782608695652174,0.5
gemcitabine,0.79,0.4782608695652174,0.5
gemcitabine,0.8,0.4782608695652174,0.5
gemcitabine,0.81,0.4782608695652174,0.5
gemcitabine,0.8200000000000001,0.4782608695652174,0.5
gemcitabine,0.8300000000000001,0.4782608695652174,0.5
gemcitabine,0.84,0.4782608695652174,0.5
gemcitabine,0.85,0.4782608695652174,0.5
gemcitabine,0.86,0.4782608695652174,0.5
gemcitabine,0.87,0.4782608695652174,0.5
gemcitabine,0.88,0.4782608695652174,0.5
gemcitabine,0.89,0.4782608695652174,0.5
gemcitabine,0.9,0.4782608695652174,0.5
gemcitabine,0.91,0.4782608695652174,0.5
gemcitabine,0.92,0.4782608695652174,0.5
gemcitabine,0.93,0.4782608695652174,0.5
gemcitabine,0.9400000000000001,0.4782608695652174,0.5
gemcitabine,0.9500000000000001,0.4782608695652174,0.5
gemcitabine,0.96,0.4782608695652174,0.5
gemcitabine,0.97,0.4782608695652174,0.5
gemcitabine,0.98,0.4782608695652174,0.5
gemcitabine,0.99,0.4782608695652174,0.5
gemcitabine,1.0,0.4782608695652174,0.5
