drug,threshold,balanced_accuracy
trametinib,0.0,0.5
trametinib,0.01,0.5
trametinib,0.02,0.5
trametinib,0.03,0.5
trametinib,0.04,0.5
trametinib,0.05,0.5
trametinib,0.06,0.5
trametinib,0.07,0.5
trametinib,0.08,0.5
trametinib,0.09,0.5
trametinib,0.1,0.5
trametinib,0.11,0.5
trametinib,0.12,0.5
trametinib,0.13,0.5
trametinib,0.14,0.5
trametinib,0.15,0.5
trametinib,0.16,0.5
trametinib,0.17,0.5
trametinib,0.18,0.5
trametinib,0.19,0.5
trametinib,0.2,0.5
trametinib,0.21,0.5
trametinib,0.22,0.5
trametinib,0.23,0.5
trametinib,0.24,0.5
trametinib,0.25,0.5
trametinib,0.26,0.5
trametinib,0.27,0.5
trametinib,0.28,0.5
trametinib,0.29,0.5
trametinib,0.3,0.5
trametinib,0.31,0.5078740157480315
trametinib,0.32,0.6456692913385826
trametinib,0.33,0.7086614173228347
trametinib,0.34,0.7204724409448818
trametinib,0.35000000000000003,0.7322834645669292
trametinib,0.36,0.7480314960629921
trametinib,0.37,0.7519685039370079
trametinib,0.38,0.7519685039370079
trametinib,0.39,0.7480314960629921
trametinib,0.4,0.7519685039370079
trametinib,0.41000000000000003,0.7519685039370079
trametinib,0.42,0.7637795275590551
trametinib,0.43,0.7716535433070866
trametinib,0.44,0.7755905511811023
trametinib,0.45,0.7834645669291338
trametinib,0.46,0.7992125984251969
trametinib,0.47000000000000003,0.8188976377952757
trametinib,0.48,0.8149606299212598
trametinib,0.49,0.8267716535433071
trametinib,0.5,0.8385826771653544
trametinib,0.51,0.8346456692913387
trametinib,0.52,0.8385826771653544
trametinib,0.53,0.8464566929133859
trametinib,0.54,0.8543307086614174
trametinib,0.55,0.8425196850393701
trametinib,0.56,0.8346456692913387
trametinib,0.5700000000000001,0.8346456692913387
trametinib,0.58,0.8267716535433071
trametinib,0.59,0.8070866141732284
trametinib,0.6,0.795275590551181
trametinib,0.61,0.7874015748031495
trametinib,0.62,0.7755905511811023
trametinib,0.63,0.7677165354330708
trametinib,0.64,0.7519685039370079
trametinib,0.65,0.7086614173228347
trametinib,0.66,0.6811023622047244
trametinib,0.67,0.6141732283464567
trametinib,0.68,0.5078740157480315
trametinib,0.6900000000000001,0.5
trametinib,0.7000000000000001,0.5
trametinib,0.71,0.5
trametinib,0.72,0.5
trametinib,0.73,0.5
trametinib,0.74,0.5
trametinib,0.75,0.5
trametinib,0.76,0.5
trametinib,0.77,0.5
trametinib,0.78,0.5
trametinib,0.79,0.5
trametinib,0.8,0.5
trametinib,0.81,0.5
trametinib,0.8200000000000001,0.5
trametinib,0.8300000000000001,0.5
trametinib,0.84,0.5
trametinib,0.85,0.5
trametinib,0.86,0.5
trametinib,0.87,0.5
trametinib,0.88,0.5
trametinib,0.89,0.5
trametinib,0.9,0.5
trametinib,0.91,0.5
trametinib,0.92,0.5
trametinib,0.93,0.5
trametinib,0.9400000000000001,0.5
trametinib,0.9500000000000001,0.5
trametinib,0.96,0.5
trametinib,0.97,0.5
trametinib,0.98,0.5
trametinib,0.99,0.5
trametinib,1.0,0.5
afatinib,0.0,0.5
afatinib,0.01,0.5
afatinib,0.02,0.5
afatinib,0.03,0.5
afatinib,0.04,0.5
afatinib,0.05,0.5
afatinib,0.06,0.5
afatinib,0.07,0.5
afatinib,0.08,0.5
afatinib,0.09,0.5
afatinib,0.1,0.5
afatinib,0.11,0.5
afatinib,0.12,0.5
afatinib,0.13,0.5
afatinib,0.14,0.5
afatinib,0.15,0.5
afatinib,0.16,0.5
afatinib,0.17,0.5
afatinib,0.18,0.5
afatinib,0.19,0.5
afatinib,0.2,0.5
afatinib,0.21,0.5
afatinib,0.22,0.5
afatinib,0.23,0.5
afatinib,0.24,0.5
afatinib,0.25,0.5
afatinib,0.26,0.5
afatinib,0.27,0.5
afatinib,0.28,0.5
afatinib,0.29,0.5
afatinib,0.3,0.5
afatinib,0.31,0.5669291338582677
afatinib,0.32,0.6062992125984252
afatinib,0.33,0.6023622047244095
afatinib,0.34,0.594488188976378
afatinib,0.35000000000000003,0.594488188976378
afatinib,0.36,0.5905511811023622
afatinib,0.37,0.5905511811023622
afatinib,0.38,0.5905511811023623
afatinib,0.39,0.5905511811023623
afatinib,0.4,0.610236220472441
afatinib,0.41000000000000003,0.610236220472441
afatinib,0.42,0.6141732283464567
afatinib,0.43,0.6141732283464567
afatinib,0.44,0.6259842519685039
afatinib,0.45,0.6141732283464567
afatinib,0.46,0.6181102362204725
afatinib,0.47000000000000003,0.6181102362204725
afatinib,0.48,0.6181102362204725
afatinib,0.49,0.6181102362204725
afatinib,0.5,0.6220472440944882
afatinib,0.51,0.6220472440944882
afatinib,0.52,0.6338582677165354
afatinib,0.53,0.6417322834645669
afatinib,0.54,0.6417322834645669
afatinib,0.55,0.6338582677165354
afatinib,0.56,0.6299212598425197
afatinib,0.5700000000000001,0.6299212598425197
afatinib,0.58,0.6456692913385826
afatinib,0.59,0.6496062992125984
afatinib,0.6,0.6496062992125984
afatinib,0.61,0.6299212598425197
afatinib,0.62,0.6062992125984252
afatinib,0.63,0.5905511811023623
afatinib,0.64,0.5236220472440946
afatinib,0.65,0.5
afatinib,0.66,0.5
afatinib,0.67,0.5
afatinib,0.68,0.5
afatinib,0.6900000000000001,0.5
afatinib,0.7000000000000001,0.5
afatinib,0.71,0.5
afatinib,0.72,0.5
afatinib,0.73,0.5
afatinib,0.74,0.5
afatinib,0.75,0.5
afatinib,0.76,0.5
afatinib,0.77,0.5
afatinib,0.78,0.5
afatinib,0.79,0.5
afatinib,0.8,0.5
afatinib,0.81,0.5
afatinib,0.8200000000000001,0.5
afatinib,0.8300000000000001,0.5
afatinib,0.84,0.5
afatinib,0.85,0.5
afatinib,0.86,0.5
afatinib,0.87,0.5
afatinib,0.88,0.5
afatinib,0.89,0.5
afatinib,0.9,0.5
afatinib,0.91,0.5
afatinib,0.92,0.5
afatinib,0.93,0.5
afatinib,0.9400000000000001,0.5
afatinib,0.9500000000000001,0.5
afatinib,0.96,0.5
afatinib,0.97,0.5
afatinib,0.98,0.5
afatinib,0.99,0.5
afatinib,1.0,0.5
palbociclib,0.0,0.5
palbociclib,0.01,0.5
palbociclib,0.02,0.5
palbociclib,0.03,0.5
palbociclib,0.04,0.5
palbociclib,0.05,0.5
palbociclib,0.06,0.5
palbociclib,0.07,0.5
palbociclib,0.08,0.5
palbociclib,0.09,0.5
palbociclib,0.1,0.5
palbociclib,0.11,0.5
palbociclib,0.12,0.5
palbociclib,0.13,0.5
palbociclib,0.14,0.5
palbociclib,0.15,0.5
palbociclib,0.16,0.5
palbociclib,0.17,0.5
palbociclib,0.18,0.5
palbociclib,0.19,0.5
palbociclib,0.2,0.5
palbociclib,0.21,0.5
palbociclib,0.22,0.5
palbociclib,0.23,0.5
palbociclib,0.24,0.5
palbociclib,0.25,0.5
palbociclib,0.26,0.5
palbociclib,0.27,0.5
palbociclib,0.28,0.5
palbociclib,0.29,0.5
palbociclib,0.3,0.5
palbociclib,0.31,0.5
palbociclib,0.32,0.5
palbociclib,0.33,0.5
palbociclib,0.34,0.5
palbociclib,0.35000000000000003,0.5039370078740157
palbociclib,0.36,0.562992125984252
palbociclib,0.37,0.6181102362204725
palbociclib,0.38,0.6417322834645669
palbociclib,0.39,0.6614173228346457
palbociclib,0.4,0.6614173228346456
palbociclib,0.41000000000000003,0.6732283464566928
palbociclib,0.42,0.6732283464566929
palbociclib,0.43,0.6732283464566928
palbociclib,0.44,0.6732283464566928
palbociclib,0.45,0.6732283464566928
palbociclib,0.46,0.6653543307086613
palbociclib,0.47000000000000003,0.6535433070866141
palbociclib,0.48,0.6496062992125984
palbociclib,0.49,0.6377952755905512
palbociclib,0.5,0.6338582677165354
palbociclib,0.51,0.6181102362204725
palbociclib,0.52,0.6062992125984252
palbociclib,0.53,0.6023622047244095
palbociclib,0.54,0.5984251968503937
palbociclib,0.55,0.610236220472441
palbociclib,0.56,0.5984251968503937
palbociclib,0.5700000000000001,0.5984251968503937
palbociclib,0.58,0.5866141732283464
palbociclib,0.59,0.5748031496062992
palbociclib,0.6,0.562992125984252
palbociclib,0.61,0.547244094488189
palbociclib,0.62,0.531496062992126
palbociclib,0.63,0.5236220472440944
palbociclib,0.64,0.5236220472440944
palbociclib,0.65,0.5078740157480315
palbociclib,0.66,0.49606299212598426
palbociclib,0.67,0.5
palbociclib,0.68,0.5
palbociclib,0.6900000000000001,0.5
palbociclib,0.7000000000000001,0.5
palbociclib,0.71,0.5
palbociclib,0.72,0.5
palbociclib,0.73,0.5
palbociclib,0.74,0.5
palbociclib,0.75,0.5
palbociclib,0.76,0.5
palbociclib,0.77,0.5
palbociclib,0.78,0.5
palbociclib,0.79,0.5
palbociclib,0.8,0.5
palbociclib,0.81,0.5
palbociclib,0.8200000000000001,0.5
palbociclib,0.8300000000000001,0.5
palbociclib,0.84,0.5
palbociclib,0.85,0.5
palbociclib,0.86,0.5
palbociclib,0.87,0.5
palbociclib,0.88,0.5
palbociclib,0.89,0.5
palbociclib,0.9,0.5
palbociclib,0.91,0.5
palbociclib,0.92,0.5
palbociclib,0.93,0.5
palbociclib,0.9400000000000001,0.5
palbociclib,0.9500000000000001,0.5
palbociclib,0.96,0.5
palbociclib,0.97,0.5
palbociclib,0.98,0.5
palbociclib,0.99,0.5
palbociclib,1.0,0.5
olaparib,0.0,0.5
olaparib,0.01,0.5
olaparib,0.02,0.5
olaparib,0.03,0.5
olaparib,0.04,0.5
olaparib,0.05,0.5
olaparib,0.06,0.5
olaparib,0.07,0.5
olaparib,0.08,0.5
olaparib,0.09,0.5
olaparib,0.1,0.5
olaparib,0.11,0.5
olaparib,0.12,0.5
olaparib,0.13,0.5
olaparib,0.14,0.5
olaparib,0.15,0.5
olaparib,0.16,0.5
olaparib,0.17,0.5
olaparib,0.18,0.5
olaparib,0.19,0.5
olaparib,0.2,0.5
olaparib,0.21,0.5
olaparib,0.22,0.5
olaparib,0.23,0.5
olaparib,0.24,0.5
olaparib,0.25,0.5
olaparib,0.26,0.5
olaparib,0.27,0.5
olaparib,0.28,0.5
olaparib,0.29,0.5
olaparib,0.3,0.5
olaparib,0.31,0.5
olaparib,0.32,0.5
olaparib,0.33,0.5
olaparib,0.34,0.5
olaparib,0.35000000000000003,0.5
olaparib,0.36,0.5
olaparib,0.37,0.5
olaparib,0.38,0.5
olaparib,0.39,0.5
olaparib,0.4,0.5
olaparib,0.41000000000000003,0.5
olaparib,0.42,0.5
olaparib,0.43,0.5078740157480315
olaparib,0.44,0.5787401574803149
olaparib,0.45,0.5826771653543307
olaparib,0.46,0.5669291338582677
olaparib,0.47000000000000003,0.5787401574803149
olaparib,0.48,0.6023622047244095
olaparib,0.49,0.6220472440944882
olaparib,0.5,0.6259842519685039
olaparib,0.51,0.610236220472441
olaparib,0.52,0.5866141732283465
olaparib,0.53,0.5905511811023623
olaparib,0.54,0.5866141732283465
olaparib,0.55,0.5748031496062992
olaparib,0.56,0.5748031496062992
olaparib,0.5700000000000001,0.5905511811023622
olaparib,0.58,0.5275590551181103
olaparib,0.59,0.5
olaparib,0.6,0.5
olaparib,0.61,0.5
olaparib,0.62,0.5
olaparib,0.63,0.5
olaparib,0.64,0.5
olaparib,0.65,0.5
olaparib,0.66,0.5
olaparib,0.67,0.5
olaparib,0.68,0.5
olaparib,0.6900000000000001,0.5
olaparib,0.7000000000000001,0.5
olaparib,0.71,0.5
olaparib,0.72,0.5
olaparib,0.73,0.5
olaparib,0.74,0.5
olaparib,0.75,0.5
olaparib,0.76,0.5
olaparib,0.77,0.5
olaparib,0.78,0.5
olaparib,0.79,0.5
olaparib,0.8,0.5
olaparib,0.81,0.5
olaparib,0.8200000000000001,0.5
olaparib,0.8300000000000001,0.5
olaparib,0.84,0.5
olaparib,0.85,0.5
olaparib,0.86,0.5
olaparib,0.87,0.5
olaparib,0.88,0.5
olaparib,0.89,0.5
olaparib,0.9,0.5
olaparib,0.91,0.5
olaparib,0.92,0.5
olaparib,0.93,0.5
olaparib,0.9400000000000001,0.5
olaparib,0.9500000000000001,0.5
olaparib,0.96,0.5
olaparib,0.97,0.5
olaparib,0.98,0.5
olaparib,0.99,0.5
olaparib,1.0,0.5
gemcitabine,0.0,0.5
gemcitabine,0.01,0.5
gemcitabine,0.02,0.5
gemcitabine,0.03,0.5
gemcitabine,0.04,0.5
gemcitabine,0.05,0.5
gemcitabine,0.06,0.5
gemcitabine,0.07,0.5
gemcitabine,0.08,0.5
gemcitabine,0.09,0.5
gemcitabine,0.1,0.5
gemcitabine,0.11,0.5
gemcitabine,0.12,0.5
gemcitabine,0.13,0.5
gemcitabine,0.14,0.5
gemcitabine,0.15,0.5
gemcitabine,0.16,0.5
gemcitabine,0.17,0.5
gemcitabine,0.18,0.5
gemcitabine,0.19,0.5
gemcitabine,0.2,0.5
gemcitabine,0.21,0.5
gemcitabine,0.22,0.5
gemcitabine,0.23,0.5
gemcitabine,0.24,0.5
gemcitabine,0.25,0.5
gemcitabine,0.26,0.5
gemcitabine,0.27,0.5
gemcitabine,0.28,0.5
gemcitabine,0.29,0.5
gemcitabine,0.3,0.5
gemcitabine,0.31,0.5
gemcitabine,0.32,0.5
gemcitabine,0.33,0.5
gemcitabine,0.34,0.5
gemcitabine,0.35000000000000003,0.5
gemcitabine,0.36,0.5
gemcitabine,0.37,0.5
gemcitabine,0.38,0.5
gemcitabine,0.39,0.5
gemcitabine,0.4,0.5
gemcitabine,0.41000000000000003,0.5
gemcitabine,0.42,0.5
gemcitabine,0.43,0.5
gemcitabine,0.44,0.5
gemcitabine,0.45,0.5
gemcitabine,0.46,0.5
gemcitabine,0.47000000000000003,0.5
gemcitabine,0.48,0.5
gemcitabine,0.49,0.5511811023622047
gemcitabine,0.5,0.6181102362204725
gemcitabine,0.51,0.5433070866141732
gemcitabine,0.52,0.5
gemcitabine,0.53,0.5
gemcitabine,0.54,0.5
gemcitabine,0.55,0.5
gemcitabine,0.56,0.5
gemcitabine,0.5700000000000001,0.5
gemcitabine,0.58,0.5
gemcitabine,0.59,0.5
gemcitabine,0.6,0.5
gemcitabine,0.61,0.5
gemcitabine,0.62,0.5
gemcitabine,0.63,0.5
gemcitabine,0.64,0.5
gemcitabine,0.65,0.5
gemcitabine,0.66,0.5
gemcitabine,0.67,0.5
gemcitabine,0.68,0.5
gemcitabine,0.6900000000000001,0.5
gemcitabine,0.7000000000000001,0.5
gemcitabine,0.71,0.5
gemcitabine,0.72,0.5
gemcitabine,0.73,0.5
gemcitabine,0.74,0.5
gemcitabine,0.75,0.5
gemcitabine,0.76,0.5
gemcitabine,0.77,0.5
gemcitabine,0.78,0.5
gemcitabine,0.79,0.5
gemcitabine,0.8,0.5
gemcitabine,0.81,0.5
gemcitabine,0.8200000000000001,0.5
gemcitabine,0.8300000000000001,0.5
gemcitabine,0.84,0.5
gemcitabine,0.85,0.5
gemcitabine,0.86,0.5
gemcitabine,0.87,0.5
gemcitabine,0.88,0.5
gemcitabine,0.89,0.5
gemcitabine,0.9,0.5
gemcitabine,0.91,0.5
gemcitabine,0.92,0.5
gemcitabine,0.93,0.5
gemcitabine,0.9400000000000001,0.5
gemcitabine,0.9500000000000001,0.5
gemcitabine,0.96,0.5
gemcitabine,0.97,0.5
gemcitabine,0.98,0.5
gemcitabine,0.99,0.5
gemcitabine,1.0,0.5
